Data from http://www.ttb.gov/foia/xls/frl-wine-producers-and-blenders-ca-napa.htm,,,,,,,,
PERMIT NUMBER,OWNER NAME,OPERATING NAME,STREET,CITY,STATE,ZIP,ZIP4,COUNTY
CA-W-21448,"ZERO LINK MARKETS, INC.",VINOSHIPPER.COM,11654 LOS AMIGOS RD,HEALDSBURG,CA,95448,9540,NAPA
CA-W-2956,"ZD WINES, LLC",ZD WINES,8383 SILVERADO TRL,NAPA,CA,94558,9436,NAPA
CA-W-17294,YORK CREEK WINERY LLC,,105 ZINFANDEL LN,SAINT HELENA,CA,94574,1631,NAPA
CA-W-22004,YELLOW CLAY FARM CO.,MCKENZIE-MUELLER VINEYARDS & WINERY,2530 LAS AMIGAS RD,NAPA,CA,94559,0,napa
CA-W-21769,"XVCH, LLC",COVERT ESTATE,15 CHATEAU LN,NAPA,CA,94558,3847,Napa
CA-W-20293,"WORLD'S END, LLC",,1285 DEALY LN,NAPA,CA,94559,0,NAPA
CA-W-21247,"WONDERMENT WINES, LLC",WONDERMENT WINES,5055 SOLANO AVE,NAPA,CA,94558,0,Napa
CA-W-2360,"WOLF FAMILY VINEYARDS, INC.",,1285 DEALY LN,NAPA,CA,94559,0,NAPA
CA-W-17055,"WISE ACRE VINEYARD, LLC",WISE ACRE VINEYARD,1210 ROCKLAND RD,SAINT HELENA,CA,94574,9704,NAPA
CA-W-16869,"WINE OF THE MONTH CLUB, INC.",WINE OF THE MONTH CELLARS,110 CAMINO ORUGA,NAPA,CA,94558,6214,NAPA
CA-W-3031,WILLIAM HARRISON VINEYARDS & WINERY LLC,WILLIAM HARRISON VINEYARDS & WINERY,1443 SILVERADO TRL,RUTHERFORD,CA,94573,0,NAPA
CA-W-3483,WILLIAM H. SMITH & JOAN A. SMITH,PIEDRA HILL VINEYARD,1181 LAS POSADAS RD,ANGWIN,CA,94508,9610,NAPA
CA-W-1629,WILLIAM F. BRYANT,KATE'S VINEYARD,5211 BIG RANCH RD,NAPA,CA,94558,1004,NAPA
CA-W-3629,"WILLIAM COLE VINEYARDS, LLC",WILLIAM COLE VINEYARDS,2849 SAINT HELENA HWY,SAINT HELENA,CA,94574,9655,NAPA
CA-W-626,WILLIAM C. CADMAN,TULOCAY WINERY,1426 COOMBSVILLE RD,NAPA,CA,94558,3907,NAPA
CA-W-22015,"WILD DIAMOND VINEYARDS, LLC",WILD DIAMOND VINEYARDS,4326 BIG RANCH RD,NAPA,CA,94558,1347,Napa
CA-W-21734,"WHITE ROCK VINEYARDS, INC.",,1115 LOMA VISTA DR,NAPA,CA,94558,0,NAPA
CA-W-21104,"WHISKY RIVER RANCH WINERY, LLC",WHISKY RIVER RANCH WINERY,1844 POPE CANYON RD,ST HELENA,CA,94574,9789,NAPA
CA-W-16966,"WHETSTONE WINE CELLARS, LLC",WHETSTONE WINE CELLARS,5055 SOLANO AVE,NAPA,CA,94558,1326,NAPA
CA-W-17495,"WHEELER WINERY, INC.",DE LOACH WINERY,849 ZINFANDEL LN,SAINT HELENA,CA,94574,1645,NAPA
CA-W-16511,"WHARTON WINES, L.L.C.",Wharton Wines,4435 SOLANO AVE,NAPA,CA,94558,1674,NAPA
CA-W-21385,WEST COAST WINE PARTNERS LLC,VALLEY OF THE MOON WINERY,2921 SILVERADO TRL,NAPA,CA,94558,2016,NAPA
CA-W-21044,"WESMARC WINE, LLC.",,105 ZINFANDEL LN,SAINT HELENA,CA,94574,1631,NAPA
CA-W-3071,"WAUGH CELLARS, LLC",WAUGH CELLARS,2468 PACIFC ST,NAPA,CA,94558,4713,NAPA
CA-W-16959,"W.G. BEST WEINKELLEREI, INC.",Montesquieu Winery,335 WEST LN,ANGWIN,CA,94508,9606,Napa
CA-W-2031,W. HOGUE VINEYARDS,,1450 SILVERADO TRL,ST HELENA,CA,94573,0,NAPA
CA-W-21108,"VOLKER EISELE FAMILY ESTATE, LLC",VOLKER EISELE FAMILY ESTATE WINERY,7830-40 SAINT HELENA HWY,OAKVILLE,CA,94562,0,Napa
CA-W-21243,"VOCES, LLC",VOCES,4414 DALTON DR,NAPA,CA,94558,2290,NAPA
CA-W-16418,VMADRONE LLC,VMADRONE,3199 ST. HELENA HWY N,SAINT HELENA,CA,94574,9507,NAPA
CA-W-15446,"VITIS VINIFERA VOODOO, LLC",,1909 N KELLY RD,NAPA,CA,94558,0,NAPA
CA-W-16992,"VINUM CELLARS, INC.",VINUM CELLARS,7830-40 ST. HELENA HWY,OAKVILLE,CA,94562,0,NAPA
CA-W-21472,"VINTAGE WINE ESTATES, INC.",CLOS PEGASE WINERY,1060 DUNAWEAL LN,CALISTOGA,CA,94515,0,Napa
CA-W-17459,"VINTAGE WINE ESTATES, INC.",COSENTINO WINERY,7415 ST. HELENA HWY,YOUNTVILLE,CA,94599,0,NAPA
CA-W-21876,"VINTAGE SUPPLY PARTNERS, LLC",,205 JIM OSWALT WAY,AMERICAN CANYON,CA,94503,0,NAPA
CA-WS-15053,"VINPAK, INC.",VINPAK,644 HANNA DR,AMERICAN CANYON,CA,94503,5106,NAPA
CA-W-3364,"VINOCE VINEYARDS, LLC",VINOCE VINEYARDS,880 VALLEJO ST,NAPA,CA,94559,1823,NAPA
CA-W-21833,"VINO FAVOLOSO IMPORTING AND DISTRIBUTING, LLC",LA CHERTOSA WINES,1075 GOLDEN GATE DR,NAPA,CA,94558,0,Napa
CA-W-22005,"VINO CAPITAL PARTNERS, LLC",VINO CAPITAL PARTNERS,1075 GOLDEN GATE DR,NAPA,CA,94558,0,NAPA
CA-W-17576,"VINEYARD 511, LLC",VINEYARD 511,25 ENTERPRISES CT,NAPA,CA,94558,7584,NAPA
CA-W-3207,"VINEYARD 29, LLC",VINEYARD 29 CELLARS,2929 SAINT HELENA HWY,SAINT HELENA,CA,94574,0,NAPA
CA-W-2030,"VINE CLIFF WINERY, INC.",,7400 SILVERADO TRL,NAPA,CA,94558,9425,NAPA
CA-W-1816,"VINCENT ARROYO WINERY, INC.",,2361 GREENWOOD AVE,CALISTOGA,CA,94515,1031,NAPA
CA-W-1816,"VINCENT ARROYO WINERY, INC.",,2361 GREENWOOD AVE,CALISTOGA,CA,94515,1031,NAPA
CA-W-2955,VINCENT ALAN TOFANELLI,TOFANELLI WINES,1212 PINE ST,CALISTOGA,CA,94515,1736,NAPA
CA-W-16465,"VINAIR, LLC",VINAIR,3242 SILVERADO TRL N,SAINT HELENA,CA,94574,0,NAPA
CA-W-16374,"VILLA HERMOSA CELLARS, LLC",VILLA HERMOSA CELLARS,4015 SPRING MOUNTAIN RD,SAINT HELENA,CA,94574,9773,NAPA
CA-W-16149,"VILLA ENCINAL PARTNERS, L.P.",CADE WINERY,360 HOWELL MOUNTAIN RD,ANGWIN,CA,94508,0,NAPA
CA-W-16213,"VILLA ENCINAL PARTNERS, L.P.",PLUMPJACK WINERY,620 OAKVILLE CROSS RD,OAKVILLE,CA,94562,0,NAPA
CA-W-17636,"VILLA ENCINAL PARTNERS, L.P.",,5998 SILVERADO TRL,NAPA,CA,94558,9416,NAPA
CA-W-16487,VILLA DEL LAGO LLC,VILLA DEL LAGO,1551 SAGE CANYON RD,SAINT HELENA,CA,94574,9628,NAPA
CA-W-3393,"VILLA AMOROSA, INC.",CASTELLO DI AMOROSA,4045 SAINT HELENA HWY,CALISTOGA,CA,94515,9609,NAPA
CA-W-21174,"VIGNETTE WINERY, LLC",WINE FOUNDRY,45 ENTERPRISE CT,NAPA,CA,94558,0,Napa
CA-W-2576,VIADER VINEYARDS,,1120 DEER PARK RD,DEER PARK,CA,94576,9705,NAPA
CA-W-16691,VERSANT VINEYARDS INC.,VERSANT VINEYARDS,3292 OLD LAWLEY TOLL RD,CALISTOGA,CA,94515,9744,NAPA
CA-W-21035,VERMEIL WINE GROUP LLC,VERMEIL WINE GROUP,4550 N SILVERADO TRL,CALISTOGA,CA,94515,9647,Napa
CA-W-16759,VERMEIL WINE GROUP LLC,VERMEIL WINE GROUP,3747 LANGTRY RD,SAINT HELENA,CA,94574,0,NAPA
CA-W-16479,VERISMO WINE LLC,VERISMO WINES,12 CHATEAU LN,NAPA,CA,94558,0,NAPA
CA-W-16538,"VENGE VINEYARDS, INC",VENGE VINEYARDS,4708 SILVERADO TRL,CALISTOGA,CA,94515,0,NAPA
CA-W-17535,VEEDERCREST ESTATES LLC,VEEDERCREST ESTATES,55 ENTERPRISE CT,NAPA,CA,94558,7590,NAPA
CA-W-3143,VAROZZA VINEYARDS LLC,,514 PRATT AVE,SAINT HELENA,CA,94574,1055,NAPA
CA-W-15629,"VARE VINEYARDS, LLC",VARE VINEYARDS,68 COOMBS ST,NAPA,CA,94559,29,NAPA
CA-W-17682,"VAN DER HEYDEN VINEYARDS WINERY, INC.",VAN DER HEYDEN VINEYARDS WINERY,4057 SILVERADO TRL,NAPA,CA,94558,0,NAPA
CA-W-20204,"VAN BRUNT LEWIS, LLC",,2222 N THIRD AVE,NAPA,CA,94558,3840,Napa
CA-W-20265,VALLEY FLOOR VINEYARD LLC,VALLEY FLOOR VINEYARD,4550 N SILVERADO TRAIL,CALISTOGA,CA,94515,0,Napa
CA-WS-15058,"VA FILTRATION USA, LLC",,106 DODD CT,AMERICAN CANYON,CA,94503,1085,NAPA
CA-W-2377,V. SATTUI WINERY,V. SATTUI WINERY,1111 WHITE LN,SAINT HELENA,CA,94574,1551,NAPA
CA-W-17703,"UNUM WINE CELLARS, LLC",,7850 SILVERADO TRL,NAPA,CA,94558,0,NAPA
CA-W-3444,"TWOMEY CELLARS, LLC",TWOMEY CELLARS,1183 DUNAWEAL LN,CALISTOGA,CA,94515,9799,NAPA
CA-W-16000,"TWO ANGELS, LLC",TWO ANGELS,5055 SOLANO AVE,NAPA,CA,94558,0,NAPA
CA-W-3148,"TWIN PEAKS WINERY, INC.",SAV WINERY,1473 YOUNTVILLE CROSS RD,YOUNTVILLE,CA,94599,9471,NAPA
CA-W-1923,TURNBULL WINE CELLARS,,8210 ST HELENA HWY,OAKVILLE,CA,94562,0,NAPA
CA-W-2027,"TURLEY WINE CELLARS, INC.",,3358 SAINT HELENA HWY N,SAINT HELENA,CA,94574,9660,NAPA
CA-W-2958,"TUDAL WINERY, LLC",TUDAL WINERY,1015 BIG TREE RD,SAINT HELENA,CA,94574,9711,NAPA
CA-W-17131,TUCK BECKSTOFFER WINES LLC,TUCK BECKSTOFFER WINES,105 ZINFANDEL LN,SAINT HELENA,CA,94574,1631,NAPA
CA-W-21619,"TSG, LLC",,105 ZINFANDEL LN,ST. HELENA,CA,94574,0,Napa
CA-W-21523,"TRUJILLO WINE, LLC",TRUJILLO WINE,4326 BIG RANCH RD,NAPA,CA,94558,1347,Napa
CA-W-22044,TROTTER 1/16 WINERY LLC,,1103 MITZI DR,CALISTOGA,CA,94515,0,NAPA
CA-W-22026,"TRIUMPH BEVERAGE COMPANY, LLC",GUARACHI FAMILY WINES,3148 SODA CANYON RD,NAPA,CA,94558,9449,NAPA
CA-W-16006,"TRINITAS CELLARS, LLC",TRINITAS CELLARS,1451 STANLEY LN,NAPA,CA,94558,0,NAPA
CA-W-21928,"TRESPASS VINEYARDS, INC.",,4708 SILVERADO TRL,CALISTOGA,CA,94515,0,NAPA
CA-W-835,"TREFETHEN VINEYARDS WINERY, INC.",TREFETHEN VINEYARDS,1160 OAK KNOLL AVE,NAPA,CA,94558,1303,NAPA
CA-W-3077,TREASURY WINE ESTATES AMERICAS COMPANY,,1250 CUTTINGS WHARF RD,NAPA,CA,94559,9738,NAPA
CA-W-867,TREASURY WINE ESTATES AMERICAS COMPANY,,6150 SILVERADO TRL,NAPA,CA,94558,9748,NAPA
CA-W-716,TREASURY WINE ESTATES AMERICAS COMPANY,,2000 MAIN ST,SAINT HELENA,CA,94574,0,NAPA
CA-W-2660,TREASURY WINE ESTATES AMERICAS COMPANY,,2867 SAINT HELENA HWY N,SAINT HELENA,CA,94574,9655,NAPA
CA-W-21611,"TRAVAIL ESTATE, LLC",,2075 SUMMIT LAKE DR,ANGWIN,CA,94508,0,Napa
CA-W-3565,"TRAHAN WINERY, LLC",TRAHAN WINERY,1285 DEALY LN,NAPA,CA,94559,0,NAPA
CA-W-15473,TOWER WINE CO. LLC,TOWER WINES,1160 OAK KNOLL AVE,NAPA,CA,94558,1303,NAPA
CA-W-15971,"TORTUGA VINEYARDS, LLC",TORTUGA VINEYARDS,15 HAHNERMANN LN,NAPA,CA,94558,0,NAPA
CA-W-17047,TOOLBOX WINE CO. LLC,TOOLBOX,902 ENTERPRISE WAY,NAPA,CA,94558,6288,NAPA
CA-W-21688,"TOM EDDY WINERY, LLC",TOM EDDY WINERY,3870 HIGHWAY 128,CALISTOGA,CA,94515,0,NAPA
CA-W-17430,TOM & DIANA FOSTER,THOMAS MICHAEL,3311 DAVID DR,NAPA,CA,94558,5331,NAPA
CA-W-21549,TOGNETTI FAMILY WINERY LLC,,5225 SOLANO AVE,NAPA,CA,94558,1019,Napa
CA-W-21554,TOD M. RATFIELD AND KRISTINE M. GROMACKI PARTNERSHIP,RATFIELD WINE VENTURES,1170 TUBBS LN,CALISTOGA,CA,94515,0,Napa
CA-W-21317,"TOBACCO ROAD VINEYARDS, LLC.",TOBACCO ROAD VINEYARDS,45 ENTERPRISE CT,NAPA,CA,94558,0,Napa
CA-W-3535,"TOAD HALL CELLARS, LLC",,1978 ZINFANDEL LN,SAINT HELENA,CA,94574,1611,NAPA
CA-W-16317,TMR WINE COMPANY LLC,,1683 SAGE CANYON RD,SAINT HELENA,CA,94574,9808,NAPA
CA-W-16027,TITUS VINEYARDS,TITUS FAMILY WINES,5055 SOLANO AVE,NAPA,CA,94558,0,NAPA
CA-W-22013,TITUS VINEYARDS,,2971 SILVERADO TRL N,ST. HELENA,CA,94574,0,Napa
CA-W-16196,"TI BEVERAGE GROUP, LTD.",TRANSYLVANIA IMPORTS,110 CAMINA ORUGA,NAPA,CA,94558,0,NAPA
CA-W-15004,"THREE GUYS AND A GIRL, INC.",VITA LUCE CELLARS,3801 ARTESIA AVE,FULLERTON,CA,92833,426,NAPA
CA-W-17258,"THORN HILL VINEYARDS, INC.",THORN HILL VINEYARDS,5225 SOLANO AVE,NAPA,CA,94558,0,NAPA
CA-W-20295,THOMAS D. REES,PINE AND BROWN WINERY,1045 PINE ST,NAPA,CA,94559,3820,Napa
CA-W-3305,THIS REALM LLC,REALM CELLARS,3468 SILVERADO TRL,SAINT HELENA,CA,94574,9662,NAPA
CA-W-2514,THERESA ANN KUHN & RONALD JAMES KUHN,PILLAR ROCK VINEYARDS,3522 SILVERADO TRL,ST HELENA,CA,94574,0,NAPA
CA-W-21917,THEOREM VINEYARDS LLC,THEOREM VINEYARDS,1251 TUBBS LN,CALISTOGA,CA,94515,0,Napa
CA-W-16796,THE WOODMAR GROUP LLC,THE WOODMAR GROUP,105 ZINFANDEL LN,SAINT HELENA,CA,94574,1631,NAPA
CA-W-15893,"THE WINERY OF NAPA VALLEY, LLC",,1285 DEALY LN,NAPA,CA,94559,0,NAPA
CA-W-15037,"THE WINE GARAGE, INC.",WINE GARAGE,1020 UNIT C FOOTHILL BLVD,CALISTOGA,CA,94515,1712,NAPA
CA-W-1085,THE SILVERADO VINEYARDS,SILVERADO VINEYARDS,6121 SILVERADO TRL,NAPA,CA,94558,9415,NAPA
CA-W-16828,"THE NAPA JUICE BOX, LLC",THE NAPA JUICE BOX,45 ENTERPRISE CT,NAPA,CA,94558,7586,NAPA
CA-W-16081,"THE MORLET SELECTION, INCORPORATED",THE MORLET SELECTION,2825 ST. HELENA HWY N,SAINT HELENA,CA,94574,9662,NAPA
CA-W-21257,"THE MORLET SELECTION, INCORPORATED",,"425 GATEWAY RD, W",NAPA,CA,94558,0,Napa
CA-W-21901,THE MCNERNEY FAMILY TRUST,LE CHANCEUX,5225 SOLANO AVE,NAPA,CA,94558,1019,Napa
CA-W-1397,THE HESS COLLECTION WINERY,HESS WINE COMPANY,4411 REDWOOD RD,NAPA,CA,94558,9708,NAPA
CA-W-3424,THE HESS COLLECTION WINERY,,1166 COMMERCE BLVD,AMERICAN CYN,CA,94503,0,NAPA
CA-W-16012,THE HARDER GROUP,JAMES COLE WINERY,5014 SILVERADO TRL,NAPA,CA,94558,9749,NAPA
CA-W-21431,"THE HALCYON SYNDICATE LTD., LLC",MARITIME WINE TRADING COLLECTIVE,,OAKVILLE,CA,94562,9200,Napa
CA-W-17415,THE GIRLS IN THE VINEYARD,ART+FARM WINE,7850 SILVERADO TRL,OAKVILLE,CA,94562,0,NAPA
CA-W-21711,THE CHARTHIA GROUP LLC,CHARTHIA CELLARS,1443 SILVERADO TRAIL S.,RUTHERFORD,CA,94573,0,Napa
CA-W-2753,"THE CALKINS GROUP, INC.",DESTINO WINES,1075 BUCHLI STATION RD,NAPA,CA,94559,9716,NAPA
CA-W-971,THE CALIFORNIA WINE COMPANY,"THE CALIFORNIA WINE COMPANY, INC.",5055 SOLANO AVE,NAPA,CA,94558,0,NAPA
CA-W-3293,"THE BREMER GROUP, LLC",,975 DEER PARK RD,SAINT HELENA,CA,94574,9527,NAPA
CA-W-20571,"THE BLACK BOTTLE, INC.",,2920 SPRING MOUNTAIN RD,SAINT HELENA,CA,94574,0,NAPA
CA-W-2167,THE BIALE ESTATE,ROBERT BIALE VINEYARDS,4038 BIG RANCH ROAD,NAPA,CA,94558,0,NAPA
CA-W-16001,THE ALBERT & ADELLE BROUNSTEIN TRUST,DIAMOND CREEK VINEYARDS,1500 DIAMOND MOUNTAIN RD,CALISTOGA,CA,94515,9669,NAPA
CA-W-3008,"TFT #5, LTD.",TEACHWORTH WINERY,4451 SAINT HELENA HWY N,CALISTOGA,CA,94515,0,NAPA
CA-W-21051,TESTANEY INC.,MICHAEL CAITLIN WINES,425 GATEWAY DR,NAPA,CA,94558,1111,NAPA
CA-W-3182,TERRY H. & NANCY KLEIN,ALLORA VINEYARDS,3244 EHLERS LN,SAINT HELENA,CA,94574,9657,NAPA
CA-W-3035,TERRA SPRINGS LLC,Terra Valentine,264 CRYSTAL SPRINGS RD,SAINT HELENA,CA,94574,0,NAPA
CA-W-2892,TERENCE M. DEWANE,BELO WINE COMPANY,520 CALIFORNIA BLVD,NAPA,CA,94559,3160,NAPA
CA-W-15275,"TEDESCHI COMPANY, LLC",TEDESCHI FAMILY WINERY,2779 GRANT ST,CALISTOGA,CA,94515,1009,NAPA
CA-W-1739,TEALE CREEK ASSOCIATES,,1510 DIAMOND MOUNTAIN RD,CALISTOGA,CA,94515,9669,NAPA
CA-W-15375,TC VINEYARDS INC.,,2232 BIG RANCH RD,NAPA,CA,94558,0,NAPA
CA-W-16878,"TAYSON PIERCE ESTATE WINES, LLC",TAYSON PIERCE,5055 SOLANO AVE,NAPA,CA,94558,1326,NAPA
CA-W-16140,"TAYLOR FAMILY VINEYARDS, LLC",TAYLOR FAMILY VINEYARDS,902 ENTERPRISE WAY,NAPA,CA,94558,6288,NAPA
CA-W-21465,"TAPLIN CELLARS, LLC",TAPLIN CELLARS,3524 SILVERADO TRL N,ST. HELENA,CA,94574,0,Napa
CA-W-16946,"TAMBER BEY VINEYARDS, LLC",,1251 TUBBS LN,CALISTOGA,CA,94515,1055,NAPA
CA-W-21177,TAKEN HOME LLC,,2055 HOFFMAN LN,NAPA,CA,94574,0,NAPA
CA-W-1549,SWANSON VINEYARDS AND WINERY,SWANSON VINEYARDS,1271 MANLEY LN,RUTHERFORD,CA,94573,0,NAPA
CA-W-15799,"SUTTER HOME WINERY, INC.",NAPA CELLARS,7481 ST HELENA HWY,OAKVILLE,CA,94562,0,NAPA
CA-W-17331,"SUTTER HOME WINERY, INC.",,2055 HOFFMAN LN,NAPA,CA,94558,9301,NAPA
CA-W-190,"SUTTER HOME WINERY, INC.",,100 ST HELENA HWY S,SAINT HELENA,CA,94574,2204,NAPA
CA-W-15100,"SUTTER HOME WINERY, INC.",,3070 SAINT HELENA HWY N,SAINT HELENA,CA,94574,9656,NAPA
CA-W-15251,"SURH-LUCHTEL CELLARS, INC.",SURH-LUCHTEL,1221 DUHIG RD,NAPA,CA,94559,9713,NAPA
CA-W-16636,"SUNSET ARRANGERS, INC.",LION'S RUN WINERY,1721 PARTRICK RD,NAPA,CA,94558,0,NAPA
CA-W-15875,"SUNFISH PROPERTIES, LLC",PUNK DOG WINES,918 ENTERPRISE WAY,NAPA,CA,94558,6230,NAPA
CA-W-15578,"SUMMIT LAKE VINEYARDS & WINERY, LLC",SUMMIT LAKE VINEYARDS,2000 SUMMIT LAKE DR,ANGWIN,CA,94508,9778,NAPA
CA-W-3611,"SUMMERS WINERY, LLC",VILLA ANDRIANA,1171 TUBBS LN,CALISTOGA,CA,94515,1053,NAPA
CA-W-17165,"SULPHUR SPRINGS WINERY, LLC",S.E. CHASE FAMILY CELLARS,2252 SULPHUR SPRINGS AVE,SAINT HELENA,CA,94574,2412,NAPA
CA-W-1588,SULLIVAN VINEYARDS CORPORATION,,1090 GALLERON RD,RUTHERFORD,CA,94573,0,NAPA
CA-W-2406,"STORYBOOK MOUNTAIN WINERY, INC.",,3835 STATE HIGHWAY 128,CALISTOGA,CA,94515,9739,NAPA
CA-W-712,STONY HILL VINEYARD,,3331 SAINT HELENA HWY N,SAINT HELENA,CA,94574,9660,NAPA
CA-W-15205,"STONEWRITER, LLC",,1478 FAIRWAY VISTA CT,CALISTOGA,CA,94515,1007,NAPA
CA-W-15810,STEPHEN W. PARRY AND SUSAN F. PARRY,PARRY CELLARS,4015 SPRING MOUNTAIN RD,SAINT HELENA,CA,94574,9773,NAPA
CA-W-21601,STEPHEN TAYLOR JENNINGS,AVEO WINES,520 CALIFORNIA ST,NAPA,CA,94559,0,Napa
CA-W-20306,STEPHEN T. LAGIER AND CAROLE P. MEREDITH,LAGIER MEREDITH VINEYARD,1075 GOLDEN GATE DR,NAPA,CA,94558,6187,Napa
CA-W-21005,STEPHEN GALVAN,BODEGAS GALVAN,213 LAKEVIEW DR,NAPA,CA,94558,2132,NAPA
CA-W-2226,STE. MICHELLE WINE ESTATES LTD.,VILLA MT. EDEN WINERY,8711 SILVERADO TRL S,SAINT HELENA,CA,94574,9795,NAPA
CA-W-1646,"STAR HILL WINES, INC.",STAR HILL WINERY,1075 SHADYBROOK LN,NAPA,CA,94558,4047,NAPA
CA-W-21961,STANDING JOURNEY LLC,CHATEAU MONTELENA,1429 TUBBS LN,CALISTOGA,CA,94515,0,Napa
CA-W-3618,STAGLIN FAMILY VINEYARD LLC,STAGLIN FAMILY VINEYARD,1570 BELLA OAKS LN,RUTHERFORD,CA,94573,0,NAPA
CA-W-16199,"STAG'S LEAP WINE CELLARS, LLC",STAG'S LEAP WINE CELLARS,904 ENTERPRISE WAY,NAPA,CA,94558,6209,NAPA
CA-W-16171,"STAG'S LEAP WINE CELLARS, LLC",STAG'S LEAP WINE CELLARS,5766 SILVERADO TRL,NAPA,CA,94558,1111,NAPA
CA-W-17108,ST. HELENA ESTATE LLC,,100 PRATT AVE,SAINT HELENA,CA,94574,1029,NAPA
CA-W-21087,"ST CLAIR & BROWN WINERY, LLC",,1605 ACTION AVE,NAPA,CA,94558,1840,Napa
CA-W-1962,"SPRING MOUNTAIN VINEYARD, INC.",SPRING MOUNTAIN VINEYARDS,2805 SPRING MOUNTAIN RD,SAINT HELENA,CA,94574,1775,NAPA
CA-W-15724,SPRING MOUNTAIN LLC,PETRUS BEKKER WINERY,3505 SPRING MOUNTAIN RD,SAINT HELENA,CA,94574,9543,NAPA
CA-W-1188,"SPOTTSWOODE WINERY, INC.",,1902 MADRONA AVE,SAINT HELENA,CA,94574,2354,NAPA
CA-W-16832,SPOTTED OWL VINEYARDS AND CELLARS L.L.C.,,1986 WALDEN LN,NAPA,CA,94558,5520,NAPA
CA-W-20292,SPENCER W. HOOPES,HOOPES VINEYARDS AND WINERY,7830 -40 ST. HELENA HWY,OAKVILLE,CA,94562,0,Napa
CA-W-15367,SPENCE VINEYARDS LLC,SPENCE VINEYARDS,110 CAMINO ORUGA,NAPA,CA,94558,0,NAPA
CA-W-20342,SPENCE VINEYARDS LLC,,994 WHITE COTTAGE RD N,ANGWIN,CA,94508,9617,NAPA
CA-W-2155,"SPELLETICH FAMILY, INC.",SPELLETICH CELLARS,2545 NAPA VALLEY CORPORATE DR,NAPA,CA,94558,0,NAPA
CA-W-3233,"SPANOS-BERBERIAN WINERY, LLC",BELL WINE CELLARS,6200 WASHINGTON ST,YOUNTVILLE,CA,94599,0,NAPA
CA-W-17649,"SONOMA WINE COMPANY, LLC",,205 JIM OSWALT WAY,AMERICAN CANYON,CA,94503,9695,NAPA
CA-W-16440,"SOMERSTON WINE COMPANY, LLC",,3450 SAGE CANYON RD,SAINT HELENA,CA,94574,0,NAPA
CA-W-2852,"SODARO WINES, LLC",SODARO WINES,24 BLUE OAK LN,NAPA,CA,94558,0,NAPA
CA-W-16909,"SODA CANYON, LLC",RIVERA VINEYARDS,1285 DEALY LN,NAPA,CA,94559,9706,NAPA
CA-W-2460,"SODA CANYON REAL ESTATE INVESTMENTS, INC.",ASTRALE E TERRA,105 ZINFANDEL LN,SAINT HELENA,CA,94574,0,NAPA
CA-W-20080,"SNOWDEN VINEYARDS, LLC",SNOWDEN VINEYARDS,2920 SPRING MOUNTAIN RD,ST. HELENA,CA,94574,0,Napa
CA-W-2210,"SMITH-ANDERSON ENTERPRISES, INC.",,1075 GOLDEN GATE DR,NAPA,CA,94558,6187,Napa
CA-W-1583,SKALLI CORPORATION,ST. SUPERY VINEYARDS AND WINERY,8440 ST HELENA HWY,RUTHERFORD,CA,94573,0,NAPA
CA-W-2846,SJOEBLOM WINERY,SJOEBLOM WINERY,264 CRYSTAL SPRINGS RD,SAINT HELENA,CA,94574,0,NAPA
CA-W-16952,"SIX CELLARS, LLC",TROUBADOUR CELLARS,45 ENTERPRISES CT,NAPA,CA,94558,7586,NAPA
CA-W-15393,"SISYPHUS, LLC",OVID VINEYARDS,255 LONG RANCH RD,SAINT HELENA,CA,94574,9558,NAPA
CA-W-1617,"SINSKEY VINEYARDS, INC.",SINSKEY VINEYARDS,6320 SILVERADO TRL,NAPA,CA,94558,9747,NAPA
CA-W-15954,SIN E. WINE COMPANY,HAVENS WINE CELLARS,2055 HOFFMAN LN,NAPA,CA,94558,9301,NAPA
CA-W-20586,"SILVER TRIDENT WINERY, LLC",SILVER TRIDENT WINERY,5055 SOLANO AVE,NAPA,CA,94558,1326,Napa
CA-W-2170,"SILVER OAK WINE CELLARS, INC.",SILVER OAK WINE CELLARS,915 OAKVILLE CROSSROAD,OAKVILLE,CA,94562,0,NAPA
CA-W-17426,SILENUS INTERNATIONAL GROUP INC.,SILENUS VINTNERS,5225 SOLANO AVE,NAPA,CA,94558,1019,NAPA
CA-W-20440,"SIERRA WINE COMPANY, LLC",FOUR WINDS CELLARS,5225 SOLANO AVE,NAPA,CA,94558,1019,Napa
CA-W-15140,SHYPOKE VINEYARD LLC,,2882 FOOTHILL BLVD,CALISTOGA,CA,94515,1230,NAPA
CA-W-17510,"SHIISA CELLARS, LLC",SHIISA CELLARS,3055 OLD SONOMA RD,NAPA,CA,94558,5401,NAPA
CA-W-2290,"SHERWIN FAMILY VINEYARDS, LLC",SHERWIN FAMILY VINEYARDS,4060 SPRING MOUNTAIN RD,SAINT HELENA,CA,94574,9773,NAPA
CA-W-21509,"SHERWIN FAMILY VINEYARDS, LLC",SHERWIN FAMILY VINEYARDS,4060 SPRING MOUNTAIN RD,ST. HELENA,CA,94574,0,Napa
CA-W-1044,SHAFER VINEYARDS,,6154 SILVERADO TRL,NAPA,CA,94558,0,NAPA
CA-W-22018,"SHADOWBOX CELLARS, INC.",SHADOWBOX CELLARS,620 TRANCAS ST,NAPA,CA,94558,3083,Napa
CA-W-15396,"SEVEN STONES WINERY, LLC",SEVEN STONES WINERY,840 MEADOWOOD LN,SAINT HELENA,CA,94574,9620,NAPA
CA-W-15720,"SEQUOIA GROVE VINEYARDS LP, SQV LLC GENERAL PARTNER",SEQUOIA GROVE VINEYARDS,8338 ST. HELENA HWY,RUTHERFORD,CA,94573,9729,NAPA
CA-W-15906,"SEAVER VINEYARDS, LLC",SEAVER VINEYARDS,2075 SUMMIT LAKE DR,ANGWIN,CA,94508,9778,NAPA
CA-W-21430,"SCREEN DOOR CELLARS, LLC",SCREEN DOOR CELLARS,3130 OLD LAWLEY TOLL RD,CALISTOGA,CA,94515,0,Napa
CA-W-15602,"SCREAMING EAGLE, LLC",SCREAMING EAGLE WINERY,7557 SILVERADO TRL,OAKVILLE,CA,94562,0,NAPA
CA-W-16339,SCOTT ANDREW GRIDLEY & SUSAN DARLENE DURBROW,GRIDLEY FAMILY CELLARS,5225 SOLANO AVE,NAPA,CA,94558,1019,NAPA
CA-W-16884,"SCIANDRI FAMILY VINEYARDS, LLC",,5055 SOLANO AVE,NAPA,CA,94558,1111,NAPA
CA-W-17089,"SCHWEIGER VINEYARDS, INC.",SCHWEIGER VINEYARDS,4015 SPRING MOUNTAIN RD,SAINT HELENA,CA,94574,9773,NAPA
CA-W-303,SCHRAMSBERG VINEYARDS COMPANY,J DAVIES,1400 SCHRAMSBERG RD,CALISTOGA,CA,94515,9662,NAPA
CA-W-16623,SCHRAMSBERG VINEYARDS COMPANY,JDAVIES,555 MAIN ST,SAINT HELENA,CA,94574,2002,NAPA
CA-W-16219,"SCHRADER VINEYARDS, LLC",SCHRADER VINEYARDS,1271 MONTICELLO RD,NAPA,CA,94558,2019,NAPA
CA-W-16756,"SCHRADER CELLARS, LLC",SCHRADER CELLARS,2075 SUMMIT LAKE DR,ANGWIN,CA,94508,9778,NAPA
CA-W-15714,"SCHLATTER FAMILY ESTATE, LLC",,1000 MAIN ST,SAINT HELENA,CA,94574,2011,NAPA
CA-W-21077,"SCHEINFELD WINE COMPANY, LLC",SCHEINFELD WINE COMPANY,105 ZINFANDEL LN,ST. HELENA,CA,94574,1631,Napa
CA-W-16056,"SCENIC ROOT WINEGROWERS, LLC",SCENIC ROOT WINEGROWERS,110 CAMINO ORUGA,NAPA,CA,94558,6214,NAPA
CA-W-21477,SCALON CELLARS INC.,,270 KREUZER LN,NAPA,CA,94559,0,Napa
CA-W-17183,"SANDY BAY HOLDING COMPANY, LLC",ARATAS WINE,1221 DUHIG RD,NAPA,CA,94559,9713,NAPA
CA-W-17615,SANDRA K. DICKSON,DICKSON FAMILY WINES,742 SUNNYSIDE RD,SAINT HELENA,CA,94574,0,NAPA
CA-W-21033,"SANDPOINT WINES, LLC",YOUNG INGLEWOOD WINES,1919 INGLEWOOD AVE,ST. HELENA,CA,94574,0,Napa
CA-W-17358,SAMANTHA SHEEHAN IMPORTS,SAMANTHA SHEEHAN,5225 SOLANO AVE,NAPA,CA,94558,0,NAPA
CA-W-3076,"SALVESTRIN WINE COMPANY, LLC",SALVESTRIN WINE COMPANY,397 MAIN ST,SAINT HELENA,CA,94574,2158,NAPA
CA-W-3544,SAINTSBURY LLC,SAINTSBURY,1500 LOS CARNEROS AVE,NAPA,CA,94559,9742,NAPA
CA-W-3415,SABINA VINEYARD LLC,SABINA VINEYARD,3291 SAINT HELENA HWY N,SAINT HELENA,CA,94574,9659,NAPA
CA-W-3256,"S&R ASSOCIATES, LLC",MATCH VINEYARDS,110 CAMINO ORUGA,NAPA,CA,94558,1111,NAPA
CA-W-15946,"RUTHERFORD WINE STUDIOS, LLC",THE RANCH WINERY,105 ZINFANDEL LN,SAINT HELENA,CA,94574,0,NAPA
CA-W-2253,RUTHERFORD HILL WINERY,,200 RUTHERFORD HILL RD,RUTHERFORD,CA,94573,0,NAPA
CA-W-16303,"RUTHERFORD BENCH, LLC",HOWELL MOUNTAIN VINEYARDS,110 CAMINO ORUGA,NAPA,CA,94558,6262,NAPA
CA-W-17107,"RUSTRIDGE WINERY, INC.",RUSTRIDGE WINERY,2910 LOWER CHILES VALLEY RD,SAINT HELENA,CA,94574,9530,NAPA
CA-W-21366,"RUDIUS WINES, LLC",RUDIUS,3524 N SILVERADO TRL,ST. HELENA,CA,94574,9663,Napa
CA-W-1262,"RUDD WINES, INC.",RUDD,500 OAKVILLE XRD,OAKVILLE,CA,94562,0,NAPA
CA-W-16264,RUBISSOW FAMILY WINES LLC,RUBISSOW,110 CAMINO ORUGA,NAPA,CA,94558,6214,NAPA
CA-W-17227,"RTB MANAGEMENT, LLC",CHATEAU BOSWELL WINES,3468 SILVERADO TRL N,SAINT HELENA,CA,94574,9662,NAPA
CA-W-3524,"ROY ESTATE, LLC",,1220 SODA CANYON RD,NAPA,CA,94558,9750,NAPA
CA-W-20474,ROWDY RED WINE COMPANY LLC,VANISHING POINT WINERY,5225 SOLANO AVE,NAPA,CA,94558,0,Napa
CA-W-21090,"ROUND POND ESTATE, LLC",,1160 OAK KNOLL AVE,NAPA,CA,94558,1303,Napa
CA-W-15246,"ROUND POND ESTATE, LLC",,875 RUTHERFORD RD,RUTHERFORD,CA,94573,0,NAPA
CA-W-800,ROUND HILL CELLARS,RUTHERFORD WINE COMPANY,1680 SILVERADO TRL,SAINT HELENA,CA,94574,9542,NAPA
CA-W-21484,ROUGE ADIEU INC,ROUGE ADIEU,5225 SOLANO AVE,NAPA,CA,94558,0,Napa
CA-W-16631,"ROOT & SEED, LLC",BEE 9 WINE,1606 HARLEY ST,CALISTOGA,CA,94515,1326,NAPA
CA-W-2997,RONALD G. AND SUSAN E. ADAMS,ADAMS RIDGE,3181 KINGSTON AVE,NAPA,CA,94558,4454,NAPA
CA-W-17746,"RON MCGINNIS WINERY, LLC",,45 ENTERPRISE CT,NAPA,CA,94558,7586,NAPA
CA-W-15289,"ROMEO VINEYARDS & CELLARS, LLC",ROMEO VINEYARDS & CELLARS,5055 SOLANO AVE,NAPA,CA,94558,1326,NAPA
CA-W-16033,"ROMBAUER VINEYARDS, INC.",ROMBAUER VINEYARDS,601 AIRPARK,NAPA,CA,94558,6272,NAPA
CA-W-1142,"ROMBAUER VINEYARDS, INC.",ROMBAUER VINEYARDS,3522 SILVERADO TRL,SAINT HELENA,CA,94574,9663,NAPA
CA-W-17384,RODDE FAMILY VINEYARDS,,425 GATEWAY RD W,NAPA,CA,94558,7582,NAPA
CA-W-16824,"ROCCA FAMILY VINEYARDS, INC.",ROCCA FAMIILY VINEYARDS,5055 SOLANO AVE,NAPA,CA,94558,1326,NAPA
CA-W-3442,"ROBINSON FAMILY VINEYARDS, LLC",,5880 SILVERADO TRL,NAPA,CA,94558,9418,NAPA
CA-W-20332,ROBERT WILLIAMS,CALDER WINE COMPANY,1620 S WHITEHALL LN,SAINT HELENA,CA,94574,9796,Napa
CA-W-15879,"ROBERT PECOTA WINERY, LLC",ROBERT PECOTA WINERY,110 CAMINO ORUGA,NAPA,CA,94558,6214,NAPA
CA-W-2013,ROBERT MONDAVI WINERY,,1319 DUHIG RD,NAPA,CA,94558,0,NAPA
CA-W-15080,"ROBERT FOLEY, LLC",ROBERT FOLEY WINERY,1300 SUMMIT LAKE DR,ANGWIN,CA,94508,0,NAPA
CA-W-17098,ROBERT DUNCAN NICOL,LA JOLLA,620 TRANCAS ST,NAPA,CA,94558,3083,NAPA
CA-W-3055,"ROBERT CRAIG WINERY, L.P.",,2475 SUMMIT LAKE DR,ANGWIN,CA,94508,9782,NAPA
CA-W-21871,ROBERT BOLAN,BOB BOLAN WINES,975 DEER PARK RD,SAINT HELENA,CA,94574,0,Napa
CA-W-1728,ROBERT ALAN MUELLER & KAREN INA MUELLER,MCKENZIE-MUELLER VINEYARDS AND WINERY,2530 LAS AMIGAS RD,NAPA,CA,94559,9715,NAPA
CA-W-21962,"RMC WINES, LLC",,3450 SAGE CANYON RD,ST. HELENA,CA,94574,0,Napa
CA-W-15737,"RISA WINES, LLC",TERISA,1618 CEDAR ST,CALISTOGA,CA,94515,1508,NAPA
CA-W-21285,"RIPE USA, INC.",,4088 ATLAS PEAK RD,NAPA,CA,94558,0,Napa
CA-W-16350,"RIOS WINE COMPANY, LLC",RIOS WINE COMPANY,3070 OLD LAWLEY TOLL RD,CALISTOGA,CA,94515,9728,NAPA
CA-W-1295,RICHARD WALLACE FORMAN,FORMAN VINEYARD,1501 BIG ROCK RD,SAINT HELENA,CA,94574,9613,NAPA
CA-W-601,RICHARD P. MINOR,RITCHIE CREEK VINEYARD,4024 SPRING MOUNTAIN RD,SAINT HELENA,CA,94574,9773,NAPA
CA-W-1226,RICHARD M. STELTZNER,STELTZNER,7830-40 ST. HELENA HWY,OAKVILLE,CA,94562,0,NAPA
CA-W-21481,RICHARD ALAN REICHOW AND TRACEY LINN REICHOW,BLACK CAT VINEYARD,194 CAMINO ORUGA,NAPA,CA,94558,6285,Napa
CA-W-15949,RICHARD ALAN REICHOW AND TRACEY LINN REICHOW,BLACK CAT VINEYARD,2222 NORTH THIRD AVE,NAPA,CA,94558,1111,NAPA
CA-W-20400,"RHEO CELLARS, LLC",RHEO CELLARS,5225 SOLANO AVE,NAPA,CA,94558,1019,Napa
CA-W-3001,"REYNOLDS CREATIVE PRODUCTS, INC.",,3266 SILVERADO TRL,NAPA,CA,94558,1424,NAPA
CA-W-17390,REVIVAL FARMS LLC,REVIVAL VINEYARDS,1978 ZINFANDEL LN,SAINT HELENA,CA,94574,1611,NAPA
CA-W-2121,"REVERIE ON DIAMOND MOUNTAIN, LLC",,1520 DIAMOND MOUNTAIN RD,CALISTOGA,CA,94515,9669,NAPA
CA-W-3552,"REVANA FAMILY PARTNERS, L.P.",REVANA WINERY,2930 SAINT HELENA HWY N,SAINT HELENA,CA,94574,9701,NAPA
CA-W-16154,"RENTERIA WINES, LLC",RENTERIA,4708 SILVERADO TRL,CALISTOGA,CA,94515,0,NAPA
CA-W-21963,"RENDA WINES, LLC",,2545 NAPA VALLEY CORPORATE DR,NAPA,CA,94558,6202,Napa
CA-W-1821,REN HARRIS AND MARILYN HARRIS,PARADIGM WINERY,1277 DWYER RD,OAKVILLE,CA,94562,0,NAPA
CA-W-21831,"RELIC WINE CELLARS, LLC",RELIC WINE CELLARS,2400 SODA CANYON RD,NAPA,CA,94558,0,Napa
CA-W-15209,"REGUSCI WINERY, INCORPORATED",REGUSCI WINERY,5584 SILVERADO TRL,NAPA,CA,94558,9411,NAPA
CA-W-21280,"RED THREAD WINE COMPANY, LLC",RED THREAD WINE COMPANY,2000 SUMMIT LAKE DR,ANGWIN,CA,94508,0,Napa
CA-W-21155,RED TAIL HAWK WINERY LLC,RED TAIL HAWK WINERY,1155 MEE LN,ST. HELENA,CA,94574,0,Napa
CA-W-17063,"RED MARE WINES, LLC",RED MARE WINES,7830-7840 ST HELENA HWY,OAKVILLE,CA,94562,0,NAPA
CA-W-17681,REBEL WINE CO. LLC,,2055 HOFFMAN LN,NAPA,CA,94558,9301,NAPA
CA-W-2678,"RAZI'S WINERY, LLC",,3106 SILVERADO TRL,NAPA,CA,94558,1421,NAPA
CA-W-1016,"RAYMOND VINEYARD & CELLAR, INC.",RAYMOND VINEYARD & CELLAR,849 ZINFANDEL LN,SAINT HELENA,CA,94574,1645,NAPA
CA-W-1745,RAYMOND GREGORY RODENO,VILLA RAGAZZI,7878 MONEY RD,NAPA,CA,94558,9741,NAPA
CA-W-2203,"RAYMOND E. SIGNORELLO, JR.",SIGNORELLO VINEYARDS,4500 SILVERADO TRL,NAPA,CA,94558,1100,NAPA
CA-W-17626,RANG DONG JOINT STOCK COMPANY,RANG DONG WINERY,1 EXECUTIVE WAY,NAPA,CA,94558,6271,NAPA
CA-W-15317,RANDLE GENE JOHNSON,CALAFIA WINES,825 FULTON LN,SAINT HELENA,CA,94574,1018,NAPA
CA-W-20313,"RAMSPUR WINERY, LLC",RAMSPUR WINERY,902 ENTERPRISE WAY,NAPA,CA,94558,6228,NAPA
CA-W-16510,"RAMSPUR WINERY, LLC",,3100 OLD SONOMA RD,NAPA,CA,94558,5405,NAPA
CA-W-1124,RALPH E. WERMUTH,WERMUTH WINERY,3942 SILVERADO TRL,CALISTOGA,CA,94515,9611,NAPA
CA-W-16597,RAINIER WINE LLC,RAINIER WINE,55 ENTERPRISE CT,NAPA,CA,94558,7590,NAPA
CA-W-3081,"RADIAL INTEGRATION, LLC",MINE WINE CO.,4550 SILVERADO TRL,CALISTOGA,CA,94515,9647,NAPA
CA-W-1364,R.H. KEENAN COMPANY,ROBERT KEENAN WINERY,3660 SPRINGS MOUNTAIN RD,SAINT HELENA,CA,94574,142,NAPA
CA-W-15974,"R.A. HARRISON FAMILY CELLARS, LLC",R.A. HARRISON FAMILY CELLARS,1155 MEE LN,RUTHERFORD,CA,94573,9792,NAPA
CA-W-21753,"QUIXOTE, INC.",QUIXOTE WINERY,6126 SILVERADO TRL,NAPA,CA,94558,0,Napa
CA-W-21419,"QUATERNA, LLC",QUATERNA,2515 NAPA VALLEY CORPORATE DR,NAPA,CA,94558,7541,Napa
CA-W-21545,"QTR, LLC",,270 KREUZER LN,NAPA,CA,94559,0,Napa
CA-W-20097,"PURLIEU WINES, INC.",ZHANG'S WINERY,701 OAKVILLE CROSS RD,NAPA,CA,94558,0,Napa
CA-W-17307,"PURECRU, LLC",PURECOS,2545 NAPA VALLEY CORPORATE DR,NAPA,CA,94558,0,NAPA
CA-W-2798,"PUERTA DORADA, LLC",PUERTA DORADA,8780 CONN CREEK RD,RUTHERFORD,CA,94573,0,NAPA
CA-W-21863,"PUAMANA, LLC",ACCENDO CELLARS,335 WEST LN,ANGWIN,CA,94508,9606,Napa
CA-W-21992,"PROMONTORY, LLC",,1595 OAKVILLE GRADE RD,OAKVILLE,CA,94562,0,Napa
CA-W-17442,"PROJECT WEEKENDER, LLC",,520 AIRPARK RD,NAPA,CA,94558,0,NAPA
CA-W-21444,"PRIME SOLUM, LLC",PRIME SOLUM,459 WALNUT ST,NAPA,CA,94559,3101,NAPA
CA-W-21794,"PRIM FAMILY VINEYARD, LLC",PRIM FAMILY VINEYARD,1510 DIAMOND MTN RD,CALISTOGA,CA,94515,0,NAPA
CA-W-2857,"PRIDE MOUNTAIN VINEYARDS, LLC",PRIDE MOUNTAIN VINEYARDS AT HISTORIC SUMMIT RANCH,4026 SPRING MOUNTAIN RD,SAINT HELENA,CA,94574,9773,NAPA
CA-W-2244,"PRAGER WINERY & PORT WORKS, INC.",,1281 LEWELLING LN,SAINT HELENA,CA,94574,2235,NAPA
CA-W-22030,POTT WINE,,6126 SILVERADO TRAIL,NAPA,CA,94558,9748,Napa
CA-W-2666,"PORTFOLIO LIMITED EDITION, LLC",,86 EL NIDO DR,NAPA,CA,94559,2143,NAPA
CA-W-16222,"PORTER FAMILY VINEYARDS, LLC",PORTER FAMILY VINEYARDS,1189 GREEN VALLEY RD,NAPA,CA,94558,4061,NAPA
CA-W-16378,"PORTALUPI WINE COMPANY, INC.",PORTALUPI WINE COMPANY,1170 TUBBS LN,CALISTOGA,CA,94515,0,NAPA
CA-W-3334,"POPE VALLEY WINERY, LLC",Pope Valley Winery,6613 POPE VALLEY RD,POPE VALLEY,CA,94567,0,NAPA
CA-W-21055,POPCORN DESIGN LLC,,105 ZINFANDEL LN,SAINT HELENA,CA,94574,1631,NAPA
CA-W-16409,"POEM CELLARS, LLC",POEM CELLARS,5225 SOLANO AVE,NAPA,CA,94558,1019,NAPA
CA-W-17717,"PLATA WINE PARTNERS, LLC",,205 A JIM OSWALT WAY,AMERICAN CANYON,CA,94503,0,NAPA
CA-W-2750,"PLAM VINEYARDS, INC.",PLAM VINEYARDS & WINERY,1091 LARKMEAD LN,CALISTOGA,CA,94515,9618,NAPA
CA-W-21687,"PIPER CELLARS, LLC",ROY PIPER WINES,45 ENTERPRISE CT,NAPA,CA,94558,0,NAPA
CA-W-2512,"PINE RIDGE WINERY, LLC",PINE RIDGE WINERY,5901 SILVERADO TRL,NAPA,CA,94558,9417,NAPA
CA-W-17058,PINA CELLARS LP,PINA CELLARS,8060 SILVERADO TRL,RUTHERFORD,CA,94573,0,NAPA
CA-W-17113,"PICKETT ROAD WINE COMPANY, LLC",PICKETT ROAD WINE COMPANY,2339 PICKETT RD,CALISTOGA,CA,94515,0,NAPA
CA-W-16518,"PICKETT ROAD WINE COMPANY, LLC",,5055 SOLANO AVE,NAPA,CA,94558,1326,NAPA
CA-W-16178,"PICAZO VINEYARDS, INC.",PICAZO VINEYARDS,270 KREUZER LN,NAPA,CA,94559,3623,NAPA
CA-W-21075,"PHILLIPS FAMILY FARMING, LLC",VINEHILL RANCH,2339 PICKETT RD,CALISTOGA,CA,94515,0,Napa
CA-W-3102,"PHILIP TOGNI VINEYARD, LP",,3780 SPRING MOUNTAIN RD,SAINT HELENA,CA,94574,9677,NAPA
CA-W-20457,PETRIFIED FOREST VINEYARDS LLC,,5225 SOLANO AVE,NAPA,CA,94558,1019,Napa
CA-W-21980,PETREE CELLARS,,45 ENTERPRISE CT,NAPA,CA,94558,0,Napa
CA-W-16262,PETER RENWICK THOMPSON,ANDREW GEOFFREY VINEYARD,40 RAPP LN,NAPA,CA,94558,3853,NAPA
CA-W-16980,"PETER PAUL WINES, LLC",PETER PAUL WINES,5055 SOLANO AVE,NAPA,CA,94558,0,NAPA
CA-W-16091,"PETER FRANUS WINE COMPANY, INC",PETER FRANUS WINE COMPANY,5055 SOLANO AVE,NAPA,CA,94558,1326,NAPA
CA-W-2487,"PERRY VINEYARDS, INC.",,1187 GREEN VALLEY RD,NAPA,CA,94558,0,NAPA
CA-W-16270,"PERNOD RICARD USA, LLC",MUMM NAPA ESTATES,8445 SILVERADO TRL,NAPA,CA,94558,9435,NAPA
CA-W-21121,"PERLISS ESTATE VINEYARDS, LLC",PERLISS ESTATE VINEYARDS,3524 SILVERADO TRL,ST. HELENA,CA,94574,0,NAPA
CA-W-15771,PERATA VINEYARDS LLC,PERATA VINEYARDS,1278 STATE LN,YOUNTVILLE,CA,94599,0,NAPA
CA-W-21335,"PEJU FAMILY OPERATING PARTNERSHIP, LP",PEJU FAMILY WINERY,8466 SAINT HELENA HWY,RUTHERFORD,CA,94573,0,NAPA
CA-W-16459,"PEDRAS WINE COMPANY, LLC",PEDRAS WINE COMPANY,5055 SOLANO AVE,NAPA,CA,94558,1326,NAPA
CA-W-15925,"PCJ, INC.",JUSLYN VINEYARDS,110 CAMINO ORUGA,NAPA,CA,94558,0,NAPA
CA-W-17392,"PAVITT FAMILY VINEYARDS, LLC",PHIFER PAVITT WINES,4660 SILVERADO TRL,CALISTOGA,CA,94515,9648,NAPA
CA-W-2790,"PAVI WINES, LLC",,"7830-40 ST. HELENA HIGHWAY, SUITE 11",OAKVILLE,CA,94562,0,NAPA
CA-W-2625,PAUL SMITH,SMITH FAMILY WINERY,3747 LANGTRY RD,SAINT HELENA,CA,94574,9676,NAPA
CA-W-21579,PAUL NELSON ARDZROONI AND GENEVIEVE ROSE ARDZROONI,WENDLING VINEYARDS,31 TERRACE DR,CALISTOGA,CA,94515,0,Napa
CA-W-1710,PAUL BRUCE KIMSEY & SALLY P. KIMSEY (GENERAL PARTNERS),AETNA SPRINGS WINE RANCH,7227 POPE VALLEY RD,POPE VALLEY,CA,94567,9441,NAPA
CA-W-2105,PATSY A. MCVICAR,CHATEAU CHAIS DE NAPA,6155 SOLANO AVE,NAPA,CA,94558,9787,NAPA
CA-W-16257,PATRICIA HOWE,PATRICIA HOWE WINES,1720 SPENCER ST,NAPA,CA,94559,1612,NAPA
CA-W-21400,"PATLAND ESTATE VINEYARDS, LLC",,2275 SODA CANYON RD,NAPA,CA,94558,0,NAPA
CA-W-17463,"PATEL WINERY, LLC",PATEL WINERY,425 GATEWAY RD W,NAPA,CA,94558,7582,NAPA
CA-W-17565,"PARTRIDGE CELLARS, LLC",PARTRIDGE CELLARS,1721 PARTRICK RD,NAPA,CA,94558,6182,NAPA
CA-W-2724,"PALOMA VINEYARD, LLC",PALOMA VINEYARD,4013 SPRING MOUNTAIN RD,SAINT HELENA,CA,94574,9773,NAPA
CA-W-20233,"PALISADES WINE COMPANY, LLC",PALISADES WINE COMPANY,3130 OLD LAWLEY TOLL RD,CALISTOGA,CA,94515,9728,NAPA
CA-W-2854,"PAHLMEYER, LLC",,105 ZINFANDEL LN,SAINT HELENA,CA,94574,1631,NAPA
CA-W-16779,"P.B. HEIN VINEYARDS, INC",P. B. HEIN VINEYARDS,918 ENTERPRISE WAY,NAPA,CA,94558,6230,NAPA
CA-W-17695,"P.B. HEIN VINEYARDS, INC",PB Hein Vineyards,3 EXECUTIVE WAY,NAPA,CA,94558,0,NAPA
CA-W-3523,"OUTPOST WINES, LLC",OUTPOST WINES,2075 SUMMIT LAKE DR,ANGWIN,CA,94508,9778,NAPA
CA-W-20405,ORIN SWIFT CELLARS LLC,ORIN SWIFT CELLARS,110 CAMINO ORUGA RD,NAPA,CA,94558,0,Napa
CA-W-15667,OPUS ONE WINERY LLC,OPUS ONE WINERY,7900 ST. HELENA HWY,OAKVILLE,CA,94562,0,NAPA
CA-W-17665,"ONESTA WINES, LLC",ONESTA WINES,1075 BUCHLI STATION RD,NAPA,CA,94559,0,NAPA
CA-W-15449,"ONE TRUE VINE, LLC",,565 CRYSTAL SPRINGS RD,SAINT HELENA,CA,94574,9667,NAPA
CA-W-21145,"ON Q WINES, LLC",ON Q WINES,1075 GOLDEN GATE DR,NAPA,CA,94558,6187,Napa
CA-W-21592,"OLD VINE WINE PARTNERS, LLC",T VINE CELLARS,5584 SILVERADO TRL,NAPA,CA,94558,0,Napa
CA-W-17146,"OLD VINE WINE PARTNERS, LLC",T-VINE CELLARS,810 FOOTHILL BLVD,CALISTOGA,CA,94515,0,NAPA
CA-W-3336,"OLABISI, LLC",OLABISI,1617 CEDAR ST,CALISTOGA,CA,94515,1507,NAPA
CA-W-15402,"ODISEA WINE COMPANY, LLC",ODISEA WINE COMPANY,2511 VALLEY CORPORATE DR,NAPA,CA,94559,0,NAPA
CA-W-1927,OAT HILL CORPORATION,DUTCH HENRY WINERY,4300 SILVERADO TRL,CALISTOGA,CA,94515,9603,NAPA
CA-W-1919,OAKVILLE WINERY ACQUISITION GROUP,NAPA WINE COMPANY,7830-7840 ST. HELENA HIGHWAY,OAKVILLE,CA,94562,0,NAPA
CA-W-21093,OAKVILLE TRANSFER LLC,OAKVILLE TERRACES,3524 SILVERADO TRL,ST. HELENA,CA,94574,9663,NAPA
CA-W-21990,"OAKVILLE RANCH WINERY, INC.",OAKVILLE RANCH,7781 SILVERADO TRL,NAPA,CA,94558,0,Napa
CA-W-1729,"OAKVILLE HILLS CELLAR, INC.",DALLA VALLE VINEYARDS,7776 SILVERADO TRL,OAKVILLE,CA,94562,0,NAPA
CA-W-16587,"OAK CLIFF CELLARS, LLC",OAK CLIFF CELLARS,4326 BIG RANCH RD,NAPA,CA,94558,1347,NAPA
CA-W-3085,O'SHAUGHNESSY DEL OSO LLC,,1150 FRIESEN DR,ANGWIN,CA,94508,0,NAPA
CA-W-16710,"O'NEILL VOSTI ESTATE, LLC",O'NEILL VOSTI ESTATE,5055 SOLANO AVE,NAPA,CA,94558,1326,NAPA
CA-W-2808,O'BRIEN FAMILY VINEYARD LLC,O'BRIEN FAMILY VINEYARD,1200 ORCHARD AVE,NAPA,CA,94558,0,NAPA
CA-W-16126,NUAGE LLC,BELLE GLOS,8700 CONN CREEK RD,RUTHERFORD,CA,94573,0,NAPA
CA-W-2168,"NOVA WINES, INC.",,"7830-40 ST. HELENA HIGHWAY, STE. 14",OAKVILLE,CA,94562,0,NAPA
CA-W-16684,NORTH WINERY LLC,,1595 OAKVILLE GRADE,OAKVILLE,CA,94562,0,NAPA
CA-W-1239,NILS & DIANNA L. VENGE & THE KIRK P. & ERIKA L. VENGE TRUST,VENGE VINEYARDS/SADDLEBACK CELLARS,7802 MONEY RD,OAKVILLE,CA,94562,0,NAPA
CA-W-16532,NILE B. ZACHERLE & WHITNEY B. FISHER,ZACHERLE,1501 CEDAR ST,CALISTOGA,CA,94515,1611,NAPA
CA-W-1918,"NIEBAUM-COPPOLA ESTATE WINERY, L.P.",,1460 NIEBAUM LN,RUTHERFORD,CA,94573,0,NAPA
CA-W-3131,"NICKEL & NICKEL VINEYARDS, L.L.C.",,8164 ST HELENA HWY,OAKVILLE,CA,94562,0,NAPA
CA-W-21802,"NICHOLSON JONES SELECTIONS, LLC",NICHOLSON JONES SELECTIONS,15 CHATEAU LN,NAPA,CA,94558,3847,Napa
CA-W-17170,"NICHELINI FAMILY WINERY, INC.",NICHELINI FAMILY WINERY,2950 SAGE CANYON RD,SAINT HELENA,CA,94574,9641,NAPA
CA-W-16299,"NICALI, LLC",LINDSTROM WINES,5055 SOLANO AVE,NAPA,CA,94558,1326,NAPA
CA-W-2557,"NEYERS VINEYARD, LLC",,2153 SAGE CANYON RD,SAINT HELENA,CA,94574,9641,NAPA
CA-W-2886,"NEWTON VINEYARD, LLC",NEWTON VINEYARD,2555 MADRONA AVE,SAINT HELENA,CA,94574,2300,NAPA
CA-W-17338,"NEW WEST, LLC",FREESTONE VINEYARDS,200 TAPLIN RD,SAINT HELENA,CA,94574,9544,NAPA
CA-W-3033,"NEW VAVIN, INC.",EHLERS ESTATE,3222 EHLERS LN,SAINT HELENA,CA,94574,9657,NAPA
CA-W-21273,"NEMEREVER VINEYARDS, LLC",NEMEREVER VINEYARDS,711 OAKVILLE CROSS RD,OAKVILLE,CA,94562,0,Napa
CA-W-21505,NELLCOTE WINE GROUP INC,NELLCOTE CELLARS,110 CAMINO ORUGA,NAPA,CA,94558,0,Napa
CA-W-16403,NEGOCIANTS U.S.A. INC.,VOSS VINEYARDS,7830-40 ST. HELENA HWY,OAKVILLE,CA,94562,0,NAPA
CA-W-2824,"NEAL FAMILY VINEYARDS, LLC",NEAL FAMILY VINEYARDS,716 LIPARITA RD,ANGWIN,CA,94508,9605,NAPA
CA-W-21556,NAVONE FAMILY WINES LLC,,789 FULTON LN,ST HELENA,CA,94574,0,Napa
CA-W-15342,NARSAI M. DAVID,NARSAI,7580 SILVERADO TRL,NAPA,CA,94558,1966,NAPA
CA-W-15197,"NAPA WINE COMPANY, LLC",,7830-40 ST. HELENA HIGHWAY,OAKVILLE,CA,94562,0,NAPA
CA-W-21003,"NAPA WINE & SPIRITS, LLC",WINEFREEK.COM,1075 GOLDEN GATE DR,NAPA,CA,94558,6187,Napa
CA-W-21056,"NAPA VINELAND WINERY, LLC",,2233 SULPHUR SPRINGS RD,ST. HELENA,CA,94574,2411,Napa
CA-W-16687,"NAPA VALLEY PARTNERS, LLC",SHIFFLETT FAMILY WINES,1201 DARMS LN,NAPA,CA,94558,1014,NAPA
CA-W-16502,NAPA VALLEY COLLEGE VITICULTURE AND WINERY TECHNOLOGY FOUNDATION,,2277 NAPA VALLEJO HWY,NAPA,CA,94558,6236,NAPA
CA-W-15686,"NAPA L'ATTITUDE, LLC",IDEOLOGY CELLARS,5225 SOLANO AVE,NAPA,CA,94558,1019,NAPA
CA-W-15195,"NAPA CUSTOM PACKAGING SOLUTIONS, LLC",NAPA BOTTLING GROUP,450 TECHNOLOGY WAY,NAPA,CA,94558,0,NAPA
CA-W-21328,"NAPA CUSTOM CRUSH, LLC",THE CAVES AT SODA CANYON,2275 SODA CANYON RD,NAPA,CA,94558,0,Napa
CA-W-22045,"NAKAMURA CELLARS, LLC",NAKAMURA CELLARS,5225 SOLANO AVE,NAPA,CA,94558,0,Napa
CA-W-20230,N2WINES LLC,N2 WINES,7415 SAINT HELENA HWY,YOUNTVILLE,CA,94599,0,Napa
CA-W-20134,MYUGE INC.,,163 CAMINO DORADO,NAPA,CA,94558,3130,NAPA
CA-W-15450,"MYRIAD WINE, LLC",HIDDEN RIDGE CELLARS,2921 SILVERADO TRAIL,NAPA,CA,94558,0,NAPA
CA-W-17231,"MUSANTE FAMILY VINEYARDS, LLC",MUSANTE FAMILY VINEYARDS,620 TRANCAS ST,NAPA,CA,94558,3083,NAPA
CA-W-21454,MOUNTAIN PEAK VINEYARDS LLC,MOUNTAIN PEAK VINEYARDS,3730 N SILVERADO TRAIL,ST. HELENA,CA,94574,0,Napa
CA-W-17560,"MOUNT VEEDER SPRINGS, LLC",PULIDO WALKER CELLARS,3730 SILVERADO TRL,SAINT HELENA,CA,94574,0,NAPA
CA-W-21749,MORGAN WRIGHT WINE CELLARS LTD.,MORGAN WRIGHT WINE CELLARS,7830 - 40 SAINT HELENA HWY,OAKVILLE,CA,94562,0,NAPA
CA-W-20317,MORGAN WRIGHT WINE CELLARS LTD.,,105 ZINFANDEL LN,ST HELENA,CA,94574,1631,napa
CA-W-1128,"MONTICELLO CELLARS, INC.",MONTICELLO CELLARS,4242 BIG RANCH RD,NAPA,CA,94558,1301,NAPA
CA-W-21470,"MONTAGU WINES, LLC",MONTAGU WINES,5225 SOLANO AVE,NAPA,CA,94558,1019,Napa
CA-W-898,"MONT ST. JOHN CELLARS, INC.",MONT ST. JOHN CELLARS,5400 OLD SONOMA RD,NAPA,CA,94559,9708,NAPA
CA-W-15948,MOLLYDOOKER INTERNATIONAL LLC,MOLLYDOOKER,1285 DEALY LN,NAPA,CA,94559,0,NAPA
CA-W-15827,"MODUS OPERANDI CELLARS, LLC",MODUS OPERANDI CELLARS,5225 SOLANO AVE,NAPA,CA,94558,1019,NAPA
CA-W-21021,"MLPC HOLDINGS, LLC",,270 KREUZER LN,NAPA,CA,94559,3623,Napa
CA-W-21867,"MK CELLARS, LLC",,"3524 SILVERADO TRL, N",SAINT HELENA,CA,94574,9663,NAPA
CA-W-16542,MJA VINEYARDS LLC,MJA WINE,647 GREENFIELD RD,SAINT HELENA,CA,94574,9651,NAPA
CA-W-17044,MIRA WINERY LLC,MIRA WINERY,110 CAMINO ORUGA,NAPA,CA,94558,0,NAPA
CA-W-21353,"MIOCENE WINE, LLC",,100 NAPA JUNCTION RD,AMERICAN CANYON,CA,94503,0,Napa
CA-W-2603,"MINER FAMILY WINERY, L.L.C.",MINER FAMILY WINERY,7850 SILVERADO TRL,OAKVILLE,CA,94562,0,NAPA
CA-W-1416,MILORAD & SUSAN J. KARAKASEVIC,DOMAINE CHARBAY,4001 SPRING MOUNTAIN RD,SAINT HELENA,CA,94574,9773,NAPA
CA-W-17366,MIKE AND MOLLY HENDRY,MIKE AND MOLLY HENDRY WINE COMPANY,3104 REDWOOD RD,NAPA,CA,94558,9706,NAPA
CA-W-15621,MIDSUMMER CELLARS LLC,MIDSUMMER CELLARS,771 SAGE CANYON RD,SAINT HELENA,CA,94574,9797,NAPA
CA-W-21067,MIDSUMMER CELLARS LLC,,901 ENTERPRISE WAY,NAPA,CA,94558,6209,NAPA
CA-W-2890,"MICHAEL SCOTT WINES, LTD.",MICHAEL SCOTT WINES,2993 BROOKWOOD DR,NAPA,CA,94558,4304,NAPA
CA-WS-21009,"MICHAEL DUSI LOGISTICS WAREHOUSE, INC.",,1564 AIRPORT BLVD,NAPA,CA,94558,0,NAPA
CA-W-21508,MICHAEL DESANTIS & SCOTTI STARK,HARUMPH WINES,4660 SILVERADO TRL,CALISTOGA,CA,94515,9648,NAPA
CA-W-15768,MICHAEL C. YATES,YATES FAMILY VINEYARD,1721 PARTRICK RD,NAPA,CA,94558,0,NAPA
CA-W-21017,"MI SUENO WINERY, INC.",MI SUENO WINERY,910 ENTERPRISE WAY,NAPA,CA,94558,6209,NAPA
CA-W-21187,"MH VENTURES, LLC",,1155 MEE LN,RUTHERFORD,CA,94573,0,Napa
CA-W-3462,"METROPOLITAN WINES, LLC",FLEURY FAMILY WINES,950 GALLERON RD,SAINT HELENA,CA,94574,9539,NAPA
CA-W-16018,METEOR VINEYARD LLC,METEOR VINEYARD,1510 DIAMOND MOUNTAIN RD,CALISTOGA,CA,94515,9669,NAPA
CA-W-21134,"METAMORPHOSIS VINEYARDS, LLC",JAFFE ESTATE,401 ST. HELENA HWY S,ST. HELENA,CA,94574,2200,Napa
CA-W-15707,MERRYVALE VINEYARDS LLC,MERRYVALE VINEYARDS,1451 STANLY LN,NAPA,CA,94559,0,NAPA
CA-W-2297,MERRYVALE VINEYARDS LLC,MERRYVALE VINEYARDS,1000 MAIN ST,SAINT HELENA,CA,94574,2011,NAPA
CA-W-15279,"MELKA WINES, LLC",MELKA WINES,2900 SILVERADO TRL,SAINT HELENA,CA,94574,0,NAPA
CA-W-3441,MELISSA MARGARET MORAVEC & KURT G. REAUME,CASA CARNEROS,1075 BUCHLI STATION RD,NAPA,CA,94559,9716,NAPA
CA-W-16129,"MELISSA KELLY WINES, LLC",,3718 ST HELENA HWY N,CALISTOGA,CA,94515,0,NAPA
CA-W-17159,"MELANGE A TROIS, LLC",ELEMENTS OF SONOMA,620 TRANCAS ST,NAPA,CA,94558,3083,NAPA
CA-W-2259,MEGAN & RANDY MASON,,"7830-40 SUITE 15, ST. HELENA HIGHWAY",OAKVILLE,CA,94562,0,NAPA
CA-W-16934,"MEANDER, LLC",MEANDER,3130 OLD LAWLEY TOLL RD,CALISTOGA,CA,94515,1111,NAPA
CA-W-15623,"MEADOWOOD LANE WINERY, LLC",PALLADIAN ESTATE WINERY,690 MEADOWOOD LN,SAINT HELENA,CA,94574,9644,NAPA
CA-W-3547,"MEADOWOOD ASSOCIATES, A LIMITED PARTNERSHIP, PACIFIC UNION MEADOWOOD PARTNERS, L.P., GP",MEADOWOOD ASSOCIATES,1030 SILVERADO TRL N,SAINT HELENA,CA,94574,9699,NAPA
CA-W-17672,"MDC WINES, LLC",MDC WINES,2222 N THIRD AVE,NAPA,CA,94558,0,NAPA
CA-W-15820,"MCCRORIE FAMILY VINEYARD, LLC",MCCRORIE FAMILY VINEYARD,3106 SILVERADO TRL,NAPA,CA,94558,0,NAPA
CA-W-16058,MC WINES LLC,MC WINES,1170 TUBBS LN,CALISTOGA,CA,94515,1054,NAPA
CA-W-16578,"MB VOGELZANG VINEYARDS, LLC",VOGELZANG VINEYARD,4550 SILVERADO TRAIL N,CALISTOGA,CA,94515,1111,NAPA
CA-W-16160,"MAYRO-MURDICK WINES, LLC",MAYRO-MURDICK WINE,1285 DEALY LN,NAPA,CA,94559,9706,NAPA
CA-W-21518,MAXVILLE LAKE WINERY,,4105 CHILES POPE VALLEY RD,ST. HELENA,CA,94574,9589,Napa
CA-WS-21019,MAVRIK NORTH AMERICA LLC,,105 ZINFANDEL LN,ST HELENA,CA,94574,0,Napa
CA-W-16720,"MATTHIASSON FAMILY VINEYARDS, LLC",MATTHIASSON FAMILY VINEYARDS,5225 SOLANO AVE,NAPA,CA,94558,1019,NAPA
CA-W-16794,MATTHEW ST JOHNS REID & MARTHA LAMAR WEBB,PWR WINES,1311 PINE ST,CALISTOGA,CA,94515,1737,NAPA
CA-W-17087,MASSICAN LLC,MASSICAN,1518 FILMORE ST,CALISTOGA,CA,94515,1310,NAPA
CA-W-16147,MAS WINE COMPANY LLC,MAS WINE CO.,205 JIM OSWALT WAY,AMERICAN CANYON,CA,94503,9695,NAPA
CA-W-15889,"MARSTON FAMILY VINEYARD, LLC",MARSTON FAMILY VINEYARD,3600 WHITE SULPHUR SPRINGS RD,SAINT HELENA,CA,94574,9783,NAPA
CA-W-21311,"MAROON WINERY, LLC",MAROON WINES,1075 GOLDEN GATE DR,NAPA,CA,94558,6187,NAPA
CA-W-777,MARKHAM VINEYARDS,,2812 SAINT HELENA HWY N,SAINT HELENA,CA,94574,9655,NAPA
CA-W-20559,MARKETTA VINEYARDS AND WINERY LLC,,411 FIRST ST,NAPA,CA,94559,2738,NAPA
CA-W-16559,MARKETTA VINEYARDS AND WINERY LLC,,528 COOMBS ST,NAPA,CA,94559,3340,NAPA
CA-W-21269,MARKE WINES LLC,MARKE WINES,270 KREUZER LN,NAPA,CA,94559,0,Napa
CA-W-21318,MARK STANLEY,GOLDEN BROOK VINTNERS,212 GOLDEN BROOK LANE,AMERICAN CANYON,CA,94503,0,Napa
CA-W-16781,MARK JOSEPH BUNTER,BUNTERSPRING WINERY,1062 FIRST AVE,NAPA,CA,94558,3939,NAPA
CA-W-16829,"MARK HEROLD WINES, LLC",MARK HEROLD WINES,910 ENTERPRISE WAY,NAPA,CA,94558,6209,NAPA
CA-W-16697,"MARITA'S VINEYARD, LLC",MARITA'S VINEYARD,270 KREUZER LN,NAPA,CA,94559,3623,NAPA
CA-W-15152,MARIA A. KLEIN,SELENE WINES,5055 SOLANO AVE,NAPA,CA,94558,1326,NAPA
CA-W-16738,"MAPLE LANE WINERY, LLC",MAPLE LANE WINERY,5225 SOLANO AVE,NAPA,CA,94558,1019,NAPA
CA-W-17484,MANUEL & MARIA FRIAS,FRIAS FAMILY VINEYARD,4550 N SILVERADO TRL N,CALISTOGA,CA,94515,9647,NAPA
CA-W-17235,MALDONADO WINES LLC,MALDONADO VINEYARDS,3070 OLD LAWLEY TOLL RD,CALISTOGA,CA,94515,0,NAPA
CA-W-17335,"MAGNUS, LLC",FLYING HORSE WINERY,7830-40 ST HELENA HWY,OAKVILLE,CA,94562,0,NAPA
CA-W-16853,"MADISON VINEYARD HOLDINGS, LLC",JAMIESON RANCH VINEYARDS,1 KIRKLAND RANCH RD,NAPA,CA,94558,0,NAPA
CA-W-21668,"M.W. FAMILY WINE COMPANY, L.L.C.",MW WINES,110 CAMINO ORUGA,NAPA,CA,94558,6214,Napa
CA-W-17137,"M.T. BOTTLES, LLC",THE GRADE CELLARS,1251 TUBBS LN,CALISTOGA,CA,94515,0,NAPA
CA-W-21600,"LYNNTON ENTERPRISES, LP, KATHLEEN L DENNETT AND PALMER WILLIAM JENKINS, GP",WING CANYON VINEYARD,3100 MT. VEEDER RD,NAPA,CA,94558,0,Napa
CA-W-2157,"LUNA VINEYARDS, INC.",,2921 SILVERADO TRL,NAPA,CA,94558,2016,NAPA
CA-W-20370,"LOVALL VALLEY WINERY, LLC",GRIEVE FAMILY WINES,110 CAMINO ORUGA RD,NAPA,CA,94558,0,Napa
CA-W-21778,"LOST HOG WINERY, LLC",DANCING CROW,105 ZINFANDEL LN,ST HELENA,CA,94574,0,Napa
CA-W-3343,"LONGFELLOW WINE COMPANY, LLC",LONGFELLOW WINE COMPANY,910 ENTERPRISE WAY,NAPA,CA,94558,0,NAPA
CA-W-21163,"LONG-TERM WINE COMPANY, LLC",,110 CAMINO ARUGA,NAPA,CA,94558,6219,Napa
CA-W-2106,"LONG MEADOW RANCH WINERY, INC.",LONG MEADOW RANCH WINERY,1775 WHITEHALL LN,SAINT HELENA,CA,94574,9788,NAPA
CA-W-21437,"LOBO WINES, LLC",,2275 SODA CANYON RD,NAPA,CA,94558,0,Napa
CA-W-16837,LLOYD CELLARS LLC,LLOYD WINEMAKING,25 ENTERPRISE CT,NAPA,CA,94558,7584,NAPA
CA-W-21357,LLOYD CELLARS LLC,LLOYD WINEMAKING,25 ENTERPRISE CT,NAPA,CA,94558,0,Napa
CA-W-15897,"LIVINGSTON MOFFETT WINES, LLC",MOFFETT VINEYARDS,3524 SILVERADO TRL,SAINT HELENA,CA,94574,0,NAPA
CA-W-17429,"LIQUID TRADE SOLUTIONS, INC.",BIGVINE,1451 STANLY LN,NAPA,CA,94559,1111,NAPA
CA-W-2160,LINDA MARIE REISACHER & GERHARD MICHAEL REISACHER (GENERAL PARTNERSHIP),DELECTUS WINERY,1091 ST. HELENA HWY,SAINT HELENA,CA,94574,0,NAPA
CA-W-21686,LIGHTNING WINE FARM LLC,LIGHTNING WINES,"3125 ST. HELENA HWY, N",ST. HELENA,CA,94574,0,Napa
CA-W-16450,"LIEFF WINES, LLC",LIEFF WINES,5055 SOLANO AVE,NAPA,CA,94558,0,NAPA
CA-W-17660,"LEVY & MCCLELLAN, LLC",LEVY & MCCLELLAN,4331 AZALEA SPRINGS WAY,CALISTOGA,CA,94515,0,NAPA
CA-W-17527,"LEVIATHAN WINE COMPANY, LLC",,105 ZINFANDEL LN,SAINT HELENA,CA,94574,0,NAPA
CA-W-15457,"LEVENDI, LLC",,7830-7840 ST. HELENA HWY,OAKVILLE,CA,94562,0,NAPA
CA-W-15754,LESLIE BEHRENS AND LISA DRINKWARD,ERNA SCHEIN,4078 SPRING MOUNTAIN RD,SAINT HELENA,CA,94574,9773,NAPA
CA-W-2573,LEROY A. YOUNG,YOUNG ENTERPRISES,945 LINCOLN AVE,NAPA,CA,94558,5066,NAPA
CA-W-1930,"LEONARDINI FAMILY WINERY, LLC",WHITEHALL LANE WINERY,1563 SAINT HELENA HWY,SAINT HELENA,CA,94574,9775,NAPA
CA-W-17143,"LEIGH & LEE WINES, LLC",TALLULAH WINES,1221 DUHIG RD,NAPA,CA,94559,9713,NAPA
CA-W-20314,"LEGENDARY MERMAID, LP SAME ROPE ENTERPRISES, LLC, GP",LA SIRENA WINES,3292 OLD LAWLEY TOLL RD,CALISTOGA,CA,94515,0,Napa
CA-W-17525,LEFT COAST WINE COMPANY LLC,PRIME CELLARS,1721 PARTICK RD,NAPA,CA,94558,6182,NAPA
CA-W-21140,"LEAF AND VINE, LLC",,190 CAMINO ORUGA ST,NAPA,CA,94558,0,Napa
CA-W-2333,LC WINE,LEWIS CELLARS,4101 BIG RANCH RD,NAPA,CA,94558,1406,NAPA
CA-W-904,LAWRENCE LLOYD OLDS,SKY VINEYARDS,1500 LOKOYA RD,NAPA,CA,94558,9500,NAPA
CA-W-16530,"LAWER FAMILY WINERY, INC.",,105 ZINFANDEL LN,SAINT HELENA,CA,94574,1631,NAPA
CA-W-16347,"LAVA VINE, LLC",LAVA VINE VINEYARDS,965 SILVERADO TRL,CALISTOGA,CA,94515,1128,NAPA
CA-W-3212,"LAURA MICHAEL WINES, INC.",LAURA MICHAEL WINES,2250 LAKE COUNTY HWY,CALISTOGA,CA,94515,1143,NAPA
CA-W-15363,LARKMEAD VINEYARDS,,1100 LARKMEAD LN,CALISTOGA,CA,94515,9619,NAPA
CA-W-17318,"LARKIN WINES, INC.",LARKIN WINES,880 VALLEJO ST,NAPA,CA,94558,0,NAPA
CA-W-3580,LANG & REED LLC,,5055 SOLANO AVE,NAPA,CA,94558,1326,NAPA
CA-W-15556,"LAMBORN FAMILY WINE COMPANY, LP","LFWC MANAGEMENT, INC. GENERAL PARTNER",3292 OLD LAWLEY TOLL RD,CALISTOGA,CA,94515,9744,NAPA
CA-W-2984,"LAIRD FAMILY ESTATE, LLC",LAIRD FAMILY ESTATE,4162 BIG RANCH RD,NAPA,CA,94558,1405,NAPA
CA-W-2626,"LAIRD FAMILY ESTATE, LLC",LAIRD FAMILY ESTATE,5055 SOLANO AVE,NAPA,CA,94558,1326,NAPA
CA-WS-15043,"LAIRD FAMILY ESTATE, LLC",LAIRD WINE SERVICES,305 TECHNOLOGY WAY,NAPA,CA,94558,7525,NAPA
CA-W-16913,"LAIL VINEYARDS, LLC",LAIL VINEYARDS,335 WEST LN,ANGWIN,CA,94508,9606,NAPA
CA-W-16023,"LAIL VINEYARDS, LLC",LAIL VINEYARDS,2920 SPRING MOUNTAIN RD,SAINT HELENA,CA,94574,1704,NAPA
CA-W-2843,"LADERA WINERY, LLC",LADERA WINERY,150 WHITE COTTAGE RD S,ANGWIN,CA,94508,9615,NAPA
CA-W-16560,"LA FAMIGLIA BOLOGNA, INC.",LA FAMIGLIA BOLOGNA,1075 BUCHLI STATION RD,NAPA,CA,94559,9716,NAPA
CA-W-16589,"L'ANGEVIN, LLC",L'ANGEVIN,4550 SILVERADO TRL,CALISTOGA,CA,94515,0,NAPA
CA-W-17678,"L & W TRADING, LLC",,3 EXECUTIVE WAY,NAPA,CA,94558,0,NAPA
CA-W-3331,"L & J WINES, LLC",L & J WINES,5055 SOLANO AVE,NAPA,CA,94558,1326,NAPA
CA-W-3004,L & C WINE COUNTRY OPERATIONS LLC,,1006 MONTICELLO RD,NAPA,CA,94558,2032,NAPA
CA-W-2647,"KULETO VILLA, LLC",KULETO ESTATE,2470 SAGE CANYON RD,SAINT HELENA,CA,94574,9641,NAPA
CA-W-16100,KT WINECO L.L.C.,FUTO WINES,1575 OAKVILLE GRADE RD,OAKVILLE,CA,94562,0,NAPA
CA-W-3410,KRUPP BROTHERS LLC,KRUPP BROTHERS,45 ENTERPRISE CT,NAPA,CA,94558,0,NAPA
CA-W-16834,"KRISTINE ASHE VINEYARDS, LLC",ENTRE NOUS,270 KREUZER LN,NAPA,CA,94559,0,NAPA
CA-W-20050,"KRILL FAMILY VINEYARDS, LLC",KRILL FAMILY VINEYARDS,1170 TUBBS LN,CALISTOGA,CA,94515,1054,Napa
CA-W-17558,KRAEMER FAMILY WINES LLC,KRAEMER FAMILY WINES,4047 E 3RD AVE,NAPA,CA,94558,4011,NAPA
CA-W-3294,KONGSGAARD WINE LLC,,4375 ATLAS PEAK RD,NAPA,CA,94558,9398,NAPA
CA-W-16448,"KNIGHTS BRIDGE WINERY, LLC",KNIGHTS BRIDGE WINERY,5055 SOLANO AVE,NAPA,CA,94558,0,NAPA
CA-W-17134,"KITCHAK CELLARS, INC.",KITCHAK CELLARS,1094 HARDMAN AVE,NAPA,CA,94558,1407,NAPA
CA-W-2515,KIRKLAND RANCH LLC,KIRKLAND RANCH WINERY,136 KIRKLAND RANCH RD,NAPA,CA,94558,0,NAPA
CA-W-21843,"KING OF CLUBS WINE, LLC",KING OF CLUBS,1907 N KELLY RD,NAPA,CA,94558,0,Napa
CA-W-15746,KIMBERTON WINES LLC,BUCCELLA,860 KAISER RD,NAPA,CA,94558,7508,NAPA
CA-W-21717,"KIEU HOANG WINERY, LLC",KIEU HOANG WINERY,1285 DEALY LN,NAPA,CA,94559,0,Napa
CA-W-21942,"KIEU HOANG WINERY, LLC",KIEU HOANG WINERY,3851 SPRING MOUNTAIN RD,ST HELENA,CA,94574,9678,Napa
CA-W-21392,KERWIN ESTATE LLC,ARAUJO ESTATE WINES,2155 PICKETT RD,CALISTOGA,CA,94515,0,Napa
CA-W-16875,KENZO ESTATE INC,KENZO ESTATE,3200 MONTICELLO RD,NAPA,CA,94558,0,NAPA
CA-W-16030,"KENWARD FAMILY VINEYARDS, LLC",TOR KENWARD FAMILY WINES,5055 SOLANO AVE,NAPA,CA,94558,1326,NAPA
CA-W-1673,KENT RASMUSSEN WINERY,,2515 NAPA VALLEY CORPORATE DR,NAPA,CA,94558,0,NAPA
CA-W-17060,"KENEFICK RANCHES WINERY, LLC",KENEFICK RANCH WINERY,4550 SILVERADO TRAIL N,CALISTOGA,CA,94515,9647,NAPA
CA-W-2942,"KELHAM VINEYARDS & WINERY, LLC",KELHAM VINEYARDS & WINERY,360 ZINFANDEL LN,SAINT HELENA,CA,94574,1636,NAPA
CA-W-15580,"KEEVER VINEYARDS, LLC",KEEVER VINEYARDS,26 VINEYARD VIEW DR,NAPA,CA,94558,0,NAPA
CA-W-16778,KAUCIC FAMILY WINES L.L.C.,,105 ZINFANDEL LN,SAINT HELENA,CA,94574,1631,NAPA
CA-W-17106,KAREN CAKEBREAD,KC WINE COMPANY,1524 GREENWOOD AVE,CALISTOGA,CA,94515,1016,NAPA
CA-W-3527,KAPCSANDY FAMILY LLC,KAPCSANDY FAMILY WINERY,1001 STATE LN,YOUNTVILLE,CA,94599,9473,NAPA
CA-W-16719,KALE DAVID LLC,KALE WINES,1285 DEALY LN,NAPA,CA,94559,9706,NAPA
CA-W-21864,KAISER FAMILY WINERY INC,,2280 GREENWOOD AVE,CALISTOGA,CA,94515,1030,NAPA
CA-W-21693,KACHINA CELLARS LLC,,5055 SOLANO AVE,NAPA,CA,94558,1326,NAPA
CA-W-3049,JULIE JOHNSON,TRES SABORES,1620 S WHITEHALL LN,SAINT HELENA,CA,94574,9796,NAPA
CA-W-2845,JOSEPH PHELPS VINEYARDS LLC,,200 TAPLIN RD,SAINT HELENA,CA,94574,9544,NAPA
CA-W-3088,"JOSEPH KIRKWOOD REID, JR.",REID FAMILY VINEYARDS,1020 BORRETTE LN,NAPA,CA,94558,9702,NAPA
CA-W-16106,JOSEPH FAMILY VINEYARDS LLC,JOSEPH FAMILY VINEYARDS,110 CAMINO ORUGA,NAPA,CA,94558,6214,NAPA
CA-W-21930,"JOOSTE WINE, LLC",,5055 SOLANO AVE,NAPA,CA,94558,0,NAPA
CA-W-2258,"JONES FAMILY WINERY, LLC",JONES FAMILY WINERY,1251 TUBBS LN,CALISTOGA,CA,94515,1055,NAPA
CA-W-20141,JONATHAN F. LEAHY & JODY A. CASTLE,LEAHY CASTLE WINE,105 ZINFANDEL LN,ST. HELENA,CA,94574,1631,NAPA
CA-W-17054,"JOHNDROW VINEYARDS, LLC",,,OAKVILLE,CA,94562,0,NAPA
CA-W-15494,JOHN R BRANDES,BRANDES CELLARS,21 CAMILLA DR,NAPA,CA,94558,4108,NAPA
CA-W-2102,JOHN P. PAOLETTI,PAOLETTI,4501 SILVERADO TRL,CALISTOGA,CA,94515,9647,NAPA
CA-W-17122,"JOHN ANTHONY VINEYARDS, LLC",,25 ENTERPRISE CT,NAPA,CA,94558,7584,NAPA
CA-W-16568,"JOEL GOTT WINES, LLC",JOEL GOTT WINES,105 ZINFANDEL LN,SAINT HELENA,CA,94574,1631,NAPA
CA-W-17629,"JKL VINEYARDS, LLC",JKL,1201 DARMS LN,NAPA,CA,94558,1014,NAPA
CA-W-15622,"JESSUP CELLARS HOLDING COMPANY, LLC",,25 ENTERPRISE CT,NAPA,CA,94558,0,NAPA
CA-W-2124,JERRE JAY SEARS & JOYCE DORIS SEARS,,2615 SUMMIT LAKE DR,ANGWIN,CA,94508,9788,NAPA
CA-W-3329,JERICHO CANYON VINEYARDS LLC.,JERICHO CANYON VINEYARDS,3292 OLD LAWLEY TOLL RD,CALISTOGA,CA,94515,9744,NAPA
CA-W-15261,JEFFREY SCOTT SMITH,DUSINBERRE,1111 BERRY ST,CALISTOGA,CA,94515,1601,NAPA
CA-W-21413,JC WAUGH WINE CO. LLC,WAUGH FAMILY WINES,2275 SODA CANYON RD,NAPA,CA,94558,0,NAPA
CA-W-21617,"JAX VINEYARDS, LLC",,4708 SILVERADO TRL,CALISTOGA,CA,94515,0,NAPA
CA-W-21206,JASON MIKAMI & MITZI ONIZUKA,MIKAMI VINEYARDS,1721 PARTRICK RD,NAPA,CA,94558,0,Napa
CA-W-1886,JARVIS,,2970 MONTICELLO RD,NAPA,CA,94558,9615,NAPA
CA-W-16625,"JAQK, INC.",JAQK CELLARS,110 CAMINO ORUGA,NAPA,CA,94558,6214,NAPA
CA-W-21911,JAMIE M LLC,AUBERGE ROAD,335 WEST LN,ANGWIN,CA,94508,0,Napa
CA-W-15312,JAMES WILLIAM BARBOUR,,5055 SOLANO AVE,NAPA,CA,94558,1326,NAPA
CA-W-15389,JAMES KELLOGG WHEAT,29 SONGS,716 LIPARITA RD,ANGWIN,CA,94508,9605,NAPA
CA-W-21878,JAMES E. COLLINS & DOROTHEA MCFARLAND,MILLIKEN CREEK VINEYARDS,7554 ST. HELENA HWY,OAKVILLE,CA,94562,0,Napa
CA-WS-20006,JAGUAR PROPERTIES CORPORATION,GROSKOPF WAREHOUSE & LOGISTICS,801 HANNA DR,AMERICAN CANYON,CA,94503,0,Napa
CA-W-16489,"JACKSON FAMILY WINES, INC.",CARDINALE WINERY,7600 ST HELENA HWY,OAKVILLE,CA,94562,0,NAPA
CA-W-16109,"JACKSON FAMILY WINES, INC.",FREEMARK ABBEY,3022 SAINT HELENA HWY N,SAINT HELENA,CA,94574,9652,NAPA
CA-W-16493,"JACKSON FAMILY WINES, INC.",LA JOTA WINERY,1102 LAS POSADAS RD,ANGWIN,CA,94508,9607,NAPA
CA-W-16365,"JACKSON FAMILY WINES, INC.",LOKOYA WINERY,3875 MOUNT VEEDER RD,NAPA,CA,94558,9577,NAPA
CA-W-21541,"JACKSON FAMILY WINES, INC.",LOKOYA WINERY,3787 SPRING MOUNTAIN RD,ST. HELENA,CA,94574,0,Napa
CA-W-16488,"JACKSON FAMILY WINES, INC.",SPIRE COLLECTION,3299 BENNETT LN,CALISTOGA,CA,94515,9725,NAPA
CA-W-21210,J3 WINE PARTNERS LLC,TANK GARAGE WINERY,1020 FOOTHILL BLVD,CALISTOGA,CA,94515,1732,Napa
CA-W-16963,J3 WINE PARTNERS LLC,,105 ZINFANDEL LN,SAINT HELENA,CA,94574,1631,NAPA
CA-W-17370,"J. PETERSON FAMILY WINE COMPANY, LLC",SWITCHBACK RIDGE,1300 SUMMIT LAKE DR,ANGWIN,CA,94508,9774,NAPA
CA-W-21713,"J. MOSS WINES, LLC",J. MOSS,901 ENTERPRISE WAY,NAPA,CA,94558,6209,Napa
CA-W-16678,"J. J. COHN ESTATE, LLC",SCARECROW WINE,5055 SOLANO AVE,NAPA,CA,94558,1326,NAPA
CA-W-21935,"J. GREGORY CELLARS, LLC",,1075 GOLDEN GATE DR,NAPA,CA,94558,0,Napa
CA-W-17386,"J. CELLARS INVESTMENTS, LLC",JOSEPH CELLARS,4455 ST. HELENA HWY,CALISTOGA,CA,94515,0,NAPA
CA-W-20401,"INVESTORS WINE COMPANY, INC.",LIPARITA CELLARS,783040 ST. HELENA HWY,OAKVILLE,CA,94562,0,Napa
CA-W-16412,INGENIOUS SOLUTIONS INCORPORATED,I NAPA WINE,4082 ATLAS PEAK RD,NAPA,CA,94558,9668,NAPA
CA-W-15936,"ILSLEY ESTATE WINES, LLC",ILSLEY ESTATE WINES,105 ZIFANDEL LN,SAINT HELENA,CA,94574,0,NAPA
CA-W-20249,ICOLEBE LLC,,1978 W ZINFANDEL LN,ST. HELENA,CA,94574,1611,NAPA
CA-W-15933,"HUSIC VINEYARDS, LLC",HUSIC VINEYARDS,3524 SILVERADO TRL,SAINT HELENA,CA,94574,0,NAPA
CA-W-21456,"HUNNICUTT WINE COMPANY, LLC",,3524 N SILVERADO TRL,ST. HELENA,CA,94574,0,Napa
CA-W-3173,HUNEEUS VINTNERS LLC,QUINTESSA WINERY,1601 SILVERADO TRL,RUTHERFORD,CA,94573,0,NAPA
CA-W-21491,HUNEEUS VINTNERS LLC,,110 CAMINO ORUGA,NAPA,CA,94558,6214,NAPA
CA-W-21337,"HUMANITAS WINE COMPANY, LLC",HUMANITAS WINE COMPANY,25 ENTERPRISE CT,NAPA,CA,94558,0,Napa
CA-W-3069,"HUMANITAS WINE COMPANY, LLC",HUMANITAS WINE COMPANY,1081 ROUND HILL CIR,NAPA,CA,94558,5320,NAPA
CA-W-15498,"HUGHES FAMILY VINEYARDS, LLC",HUGHES FAMILY VINEYARDS,910 ENTERPRISE WAY,NAPA,CA,94558,0,NAPA
CA-W-21008,"HUDSON WINES, LLC",,1115 LOMA VISTA DR,NAPA,CA,94558,9752,Napa
CA-W-17265,"HUDSON WINE COMPANY, LLC",SCARLETT WINES,1170 TUBBS LN,CALISTOGA,CA,94515,1054,NAPA
CA-W-15943,"HOWELL MOUNTAIN VINEYARD COMPANY, LLC",BRAVANTE VINEYARDS,330 STONERIDGE RD,ANGWIN,CA,94508,9635,NAPA
CA-W-16574,"HOURGLASS WINE COMPANY, INC.",Hourglass Wine Company,817 LOMMEL RD,CALISTOGA,CA,94515,9649,NAPA
CA-W-16224,"HOUDINI, INC.",BRIAR CREEK CELLARS,105 ZINFANDEL LN,SAINT HELENA,CA,94574,0,NAPA
CA-W-21418,"HOPPER CREEK WINERY, LLC",HOPPER CREEK WINERY,6204 WASHINGTON ST,NAPA,CA,94558,0,Napa
CA-W-17410,"HOPE WINE, LLC",ONE HOPE WINES,1285 DEALY LN,NAPA,CA,94559,9706,NAPA
CA-W-17259,"HOPE & GRACE WINES, INC.",HOPE & GRACE WINES,105 ZINDFANDEL LN,SAINT HELENA,CA,94574,0,NAPA
CA-W-16787,HOOPER & GEORGE LLC,,1685/1687 ST HELENA HWY S,SAINT HELENA,CA,94574,9777,NAPA
CA-W-2517,"HONIG VINEYARD AND WINERY, LLC",HONIG VINEYARD & WINERY,850 RUTHERFORD RD,RUTHERFORD,CA,94573,0,NAPA
CA-W-21383,"HOLMAN CELLARS, LLC",HOLMAN CELLARS,190 CAMINO ORUGA,NAPA,CA,94558,6262,Napa
CA-W-16529,"HOLLYWOOD CLASSIC, LLC",HOLLYWOOD CLASSIC,270 KREUZER LN,NAPA,CA,94559,3623,NAPA
CA-W-21528,"HOBEL WINES, LLC",HOBEL,1251 TUBBS LN,CALISTOGA,CA,94515,0,Napa
CA-W-21685,"HILL ESTATES, INC.",HILL FAMILY ESTATE,5055 SOLANO AVE,NAPA,CA,94558,1326,Napa
CA-W-15323,"HIGHLANDS WINERY, LLC",HIGHLANDS WINERY,5225 SOLANO AVE,NAPA,CA,94558,1019,NAPA
CA-W-1914,HIGHGATE WINE COMPANY,,601 MUND RD,SAINT HELENA,CA,94574,9738,NAPA
CA-W-16874,"HESTAN VINEYARDS, LLC",HESTAN VINEYARDS,5055 SOLANO AVE,NAPA,CA,94558,1326,NAPA
CA-W-15170,"HERON WINES, INC.",HERON WINES,205 JIM OSWALT WAY,AMERICAN CANYON,CA,94503,0,NAPA
CA-W-20302,HERON LAKE WINERY LLC,HERON LAKE WINERY,4626 GREEN VALLEY RD,NAPA,CA,94558,0,NAPA
CA-W-21532,HERITANCE VINTNERS LLC,HERITANCE VINTNERS,105 ZINFANDEL LN,ST HELENA,CA,94574,0,Napa
CA-W-21129,HERITAGE VINEYARDS OF NAPA LLC,,105 ZINFANDEL LN,ST. HELENA,CA,94574,0,Napa
CA-W-21666,"HERENCIA WINE COMPANY, INC.",HERENCIA WINE COMPANY,1443 SILVERADO TRL,RUTHERFORD,CA,94573,0,Napa
CA-W-17303,HERB LAMB VINEYARDS LLC,HERB LAMB VINEYARDS,4326 BIG RANCH RD,NAPA,CA,94558,1347,NAPA
CA-W-17466,"HENTLEY FARM, LLC",,626 CALIFORNIA BLVD,NAPA,CA,94559,3130,NAPA
CA-W-17584,"HENSLEY FAMILY VINEYARDS, L.L.C.",HENSLEY FAMILY VINEYARDS,1721 PATRICK RD,NAPA,CA,94558,0,NAPA
CA-W-15083,"HEMISPHERE WINE COMPANY, INC.",HEMISPHERE WINE COMPANY,5055 SOLANO AVE,NAPA,CA,94558,0,Napa
CA-W-21941,HEITZ WINE CELLARS,,5445 SOLANO AVE,NAPA,CA,94558,0,Napa
CA-W-279,HEITZ WINE CELLARS,,500 TAPLIN RD,SAINT HELENA,CA,94574,9537,NAPA
CA-W-21197,"HEIBEL RANCH VINEYARDS, LLC",HEIBEL RANCH VINEYARDS,2000 SUMMIT LAKE DR,ANGWIN,CA,94508,9778,Napa
CA-W-3356,"HARTWELL VINEYARDS, LLC",HARTWELL VINEYARDS,5795 SILVERADO TRL,NAPA,CA,94558,9419,NAPA
CA-W-21710,"HARRIS ESTATE VINEYARDS, LLC",HARRIS ESTATE VINEYARDS,3730 SILVERADO TRL,SAINT HELENA,CA,94574,0,Napa
CA-W-2691,"HARLAN FAMILY DOMAIN, LLC",HARLAN FAMILY DOMAIN,1551 OAKVILLE GRADE,OAKVILLE,CA,94562,0,NAPA
CA-W-2422,"HARLAN ESTATE WINERY, INC.",HARLAN ESTATE WINERY,1551 OAKVILLE GRADE,OAKVILLE,CA,94562,0,NAPA
CA-W-17404,"HARLAN ESTATE WINERY, INC.",,500 MEADOWOOD LN,SAINT HELENA,CA,94574,9643,NAPA
CA-W-21024,"HANDWRITTEN WINES, LLC",,25 ENTERPRISE CT,NAPA,CA,94558,7584,NAPA
CA-W-15141,"HALL WINES, LLC",HALL WINERY,401 SAINT HELENA HWY S,SAINT HELENA,CA,94574,0,NAPA
CA-W-3466,"HALL WINES, LLC",RUTHERFORD WINERY,60 AUBERGE RD,RUTHERFORD,CA,94573,0,NAPA
CA-W-2763,"HAGAFEN CELLARS, INC.",,4160 SILVERADO TRL,NAPA,CA,94558,1118,NAPA
CA-W-21386,"HABER FAMILY VINEYARDS, LLC",HABER FAMILY VINEYARDS,335 WEST LN,ANGWIN,CA,94508,0,NAPA
CA-W-3416,"H DE V, LLC",H DE V,588 TRANCAS ST,NAPA,CA,94558,3013,NAPA
CA-W-3279,GUSTAVO LLC,GUSTAVO WINES,902 ENTERPRISE WAY,NAPA,CA,94558,0,NAPA
CA-W-16266,GUFFY FAMILY WINES LLC,GUFFY FAMILY WINES,4015 ATLAS PEAK RD,NAPA,CA,94558,9668,NAPA
CA-W-17232,"GUARDIAN WINERY, LLC",,2511 NAPA VALLEY CORPORATE DR,NAPA,CA,94558,7574,NAPA
CA-W-21011,GRUPP FAMILY VINEYARD LLC,GRUPP FAMILY VINEYARD,2367 SODA CANYON RD,NAPA,CA,94558,9464,Napa
CA-W-20469,"GRR VINEYARD, LLC",GEORG RAFAEL VINEYARDS,5225 SOLANO AVE,NAPA,CA,94558,1019,Napa
CA-W-3624,"GROTH VINEYARDS AND WINERY, LLC",,908 ENTERPRISE WAY,NAPA,CA,94558,6209,NAPA
CA-W-2688,"GROTH VINEYARDS AND WINERY, LLC",,750 OAKVILLE CROSS RD,OAKVILLE,CA,94562,0,NAPA
CA-W-761,GRGICH HILLS CELLAR,GRGICH HILLS ESTATE,1829 ST HELENA HWY,RUTHERFORD,CA,94573,0,NAPA
CA-W-17582,GREGORY T. CROUSE AND KAREN C. CROUSE,MOUNT VEEDER MAGIC VINEYARDS,1721 PARTICK RD,NAPA,CA,94558,6182,NAPA
CA-W-15091,GREEN AND RED VINEYARD LLC,GREEN & RED VINEYARD,3208 CHILES POPE VALLEY RD,SAINT HELENA,CA,94574,9532,NAPA
CA-W-16803,"GRAPEVINE HOLDINGS L1, LLC",SKIPSTONE RANCH,2929 ST HELENA HWY,SAINT HELENA,CA,94574,9701,NAPA
CA-W-16180,"GRANT STREET VINEYARDS, LLC",GRANT STREET VINEYARDS,2028 GRANT ST,CALISTOGA,CA,94515,1345,NAPA
CA-W-2684,"GRACE FAMILY VINEYARDS, LLC",GRACE FAMILY VINEYARDS,1210 ROCKLAND DR,SAINT HELENA,CA,94574,9704,NAPA
CA-W-17664,"GOTT'S HOME, LLC",,2055 HOFFMAN LN,NAPA,CA,94558,0,NAPA
CA-W-20392,"GOLDIN INVESTMENT II, INC.",SLOAN WINERY,88 AUBERGE RD,RUTHERFORD,CA,94573,0,Napa
CA-W-21574,"GOLDEN-AMERICA, INC.",VILLA HELENA WINERY,1455 INGLEWOOD AVE,SAINT HELENA,CA,94574,2219,Napa
CA-W-21899,GOLD COUNTRY ENTERPRISES LLC,VINO GODFATHER,918 ENTERPRISE WAY,NAPA,CA,94558,6230,Napa
CA-W-21351,"GOLD COAST VINEYARDS, LLC",,620 TRANCAS ST,NAPA,CA,94558,0,Napa
CA-W-20073,GLJR WINE LLC,,647 GREENFIELD RD,ST. HELENA,CA,94574,0,Napa
CA-W-2939,GLENN E. & GAYLE S. COOK,COOK FAMILY WINERY,264 CRYSTAL SPRINGS RD,SAINT HELENA,CA,94574,9664,NAPA
CA-W-15980,"GHOST HORSE VINEYARDS, LLC",,680 ROSSI RD,SAINT HELENA,CA,94574,9646,NAPA
CA-W-2869,GEORGE O. HENDRY,HENDRY WINERY,3104 REDWOOD RD,NAPA,CA,94558,9706,NAPA
CA-W-17431,GEORGE H MONTEVERDI AND MANBIN K MONTEVERDI,MONTEVERDI SPIRITS,1794 TANEN ST,NAPA,CA,94559,1310,NAPA
CA-W-2646,"GEORGE ALTAMURA, SR.",STRACK VINEYARD,3 EXECUTIVE WAY,NAPA,CA,94558,0,NAPA
CA-W-21607,GENE AND PAULA KELLY,KELLY FAMILY VINEYARDS,7830-40 ST. HELENA HWY,OAKVILLE,CA,94562,0,Napa
CA-W-17352,GEMSTONE VINEYARDS LLC,GEMSTONE VINEYARD,2929 SAINT HELENA HWY N,SAINT HELENA,CA,94574,9701,NAPA
CA-W-16629,GARY BRIAN BROOKMAN,BROOKMAN WINE CO.,7850 SILVERADO TRL,NAPA,CA,94558,0,NAPA
CA-W-16254,GARY A. LUCHTEL & ELLEN M. REICH,FORTUNATI VINEYARDS,4326 BIG RANCH RD,NAPA,CA,94558,1347,NAPA
CA-W-15748,"GARGIULO VINEYARD, LLC",GARGIULO,575 OAKVILLE XRD,OAKVILLE,CA,94562,0,NAPA
CA-W-17225,"GANDONA, INC.",,1533 SAGE CANYON RD,SAINT HELENA,CA,94574,0,NAPA
CA-W-21254,"GAMBLE FAMILY VINEYARDS, LLC",GAMBLE FAMILY VINEYARDS,7554 SAINT HELENA HWY,OAKVILLE,CA,94562,0,NAPA
CA-W-21096,"GALLICA WINES, LLC",GALLICA WINERY,255 LONG RANCH RD,ST. HELENA,CA,84574,0,Napa
CA-W-15795,"GALLERON SIGNATURE WINES, LLC",GALLERON SIGNATURE WINES,759 LA HOMA DR,NAPA,CA,94558,0,NAPA
CA-W-17285,"G WINE CELLARS, LLC",G WINE CELLARS,1075 GOLDEN GATE DR,NAPA,CA,94558,1111,NAPA
CA-W-16292,"G WINE CELLARS, LLC",HOFFMANN FAMILY WINERY,2844 MONTICELLO RD,NAPA,CA,94558,9614,NAPA
CA-W-16289,"G GAUTHIER CELLARS, INC.",,1075 BUCHLI STATION RD,NAPA,CA,94559,9716,NAPA
CA-W-2832,"FULTON WINERY, LLC",DAVID FULTON WINERY,825 FULTON LN,SAINT HELENA,CA,94574,1018,NAPA
CA-W-16280,"FULTON FAMILY WINERY, INC",,263 PETRIFIED FOREST RD,CALISTOGA,CA,94515,9795,NAPA
CA-W-17263,"FULCRUM WINES, LLC",CLOISONNE WINES,110 CAMINO ORUGA,NAPA,CA,94558,6214,NAPA
CA-W-2010,FROG'S LEAP WINERY,,8815 CONN CREEK RD,RUTHERFORD,CA,94573,0,NAPA
CA-W-21354,"FRISINGER FAMILY, LLC",,2275 DRY CREEK RD,NAPA,CA,94558,0,Napa
CA-W-17291,"FREE FLOW WINES, LLC",FREE FLOW WINES,2557 NAPA VALLEY CORPORATE DR,NAPA,CA,94558,6925,NAPA
CA-W-15555,"FRAZIER WINERY, LLC",FRAZIER WINERY,3450 SAGE CANYON RD,SAINT HELENA,CA,94574,0,NAPA
CA-W-15931,"FRANK MCPHERSON PROMISE, LLC",PROMISE,1091 LARKMEAD LN,CALISTOGA,CA,94515,9618,NAPA
CA-W-2649,"FRANK FAMILY VINEYARDS, LLC",FRANK FAMILY VINEYARDS,1091 LARKMEAD LN,CALISTOGA,CA,94515,9618,NAPA
CA-W-1420,"FRANCISCAN VINEYARDS, INC.",FRANCISCAN VINEYARDS,1178 GALLERON RD,RUTHERFORD,CA,94573,0,NAPA
CA-W-674,"FRANCISCAN VINEYARDS, INC.",MT. VEEDER WINERY,1999 MOUNT VEEDER RD,NAPA,CA,94558,9773,NAPA
CA-W-15413,FOX PEAK LLC,FOX PEAK VINEYARDS,4015 ATLAS PEAK RD,NAPA,CA,94558,9668,NAPA
CA-W-22029,"FOURTH LEAF WINES, LLC",FOURTH LEAF WINES,1907 N KELLY RD,NAPA,CA,94558,0,Napa
CA-W-16835,FOUR OLNEY LLC,,2253 DRY CREEK RD,NAPA,CA,94558,9723,NAPA
CA-W-15499,FOUR BEARS WINERY LLC,FOUR BEARS WINERY,205 JIM OSWALT WAY,AMERICAN CANYON,CA,94503,0,NAPA
CA-W-15660,"FOTINOS BROTHERS WINERY, INC.",FOTINOS BROTHERS WINERY,2762 PINE ST,NAPA,CA,94558,5828,NAPA
CA-W-17085,"FORE FAMILY VINEYARDS, LLC",FORE FAMILY VINEYARDS,5055 SOLANO AVE,NAPA,CA,94558,1326,NAPA
CA-W-16401,"FONTANELLA WINES, LLC",FONTANELLA FAMILY WINERY,1721 PARTRICK RD,NAPA,CA,94558,0,NAPA
CA-W-15894,"FOLIO WINE COMPANY, LLC",FOLIO FINE WINE PARTNERS,1907 N KELLY RD,NAPA,CA,94558,0,NAPA
CA-W-16175,"FOLIO WINE COMPANY, LLC",FOLIO WINE COMPANY,610 FIRST ST,NAPA,CA,94559,1111,NAPA
CA-W-21230,"FOLEY FAMILY WINES, INC.",FOLEY JOHNSON,8350 ST HELENA HWY,RUTHERFORD,CA,94573,0,NAPA
CA-W-17021,"FOLEY FAMILY WINES, INC.",MERUS,424 CRYSTAL SPRINGS RD,SAINT HELENA,CA,94574,9666,NAPA
CA-W-3582,"FLYING HORSE WINERY, INC.",,2825 ST. HELENA HWY N,SAINT HELENA,CA,94574,0,NAPA
CA-W-1246,FLORA SPRINGS WINE COMPANY,,1978 ZINFANDEL LN,SAINT HELENA,CA,94574,1611,NAPA
CA-W-16041,"FIVE VINES, LLC",,2075 SUMMIT LAKE DR,ANGWIN,CA,94508,9778,NAPA
CA-W-15322,FINKELSTEIN VINEYARDS,JUDD'S HILL,2332 SILVERADO TRL,NAPA,CA,94558,1111,NAPA
CA-W-20423,"FF WINE COMPANY, LLC",TYLER FLORENCE WINES,1285 DEALY LN,NAPA,CA,94558,9706,Napa
CA-W-21276,FEATHERSTONE 2ND LLC,WILSON & WILSON,3450 SAGE CANYON RD,ST. HELENA,CA,94574,0,Napa
CA-W-17127,"FAVIA ERICKSON WINEGROWERS, LLC",,230 N CRYSTAL SPRINGS RD,SAINT HELENA,CA,94574,0,NAPA
CA-W-15522,FARELLA-PARK VINEYARDS LLC,,2222 N THIRD AVE,NAPA,CA,94558,3840,NAPA
CA-W-1940,"FAR NIENTE WINERY, INC.",FAR NIENTE,1350 ACACIA DR,OAKVILLE,CA,94562,1111,NAPA
CA-W-15194,FANTESCA LLC,FANTESCA,2920 SPRING MOUNTAIN RD,SAINT HELENA,CA,94574,1704,NAPA
CA-W-15138,"FALCOR WINE CELLARS, LLC",,2511 NAPA VALLEY CORPORATE DR,NAPA,CA,94559,1111,NAPA
CA-W-21904,"FAIT MAIN, LLC",FAIT MAIN,3730 SILVERADO TRL,ST. HELENA,CA,94574,0,Napa
CA-W-17567,"EUCLID WINES, LLC",EUCLID WINES,1075 GOLDEN GATE DR,NAPA,CA,94559,0,NAPA
CA-W-16535,"EPONYMOUS WINERY, LLC",EPONYMOUS,7830-40 ST HELENA HWY,OAKVILLE,CA,94562,0,NAPA
CA-W-15908,"ENVY WINES, LLC",ENVY WINES,1170 TUBBS LN,CALISTOGA,CA,94515,1054,NAPA
CA-W-21324,"ENTERPRISE WINE COMPANY, LLC",,910 ENTERPRISE WAY,NAPA,CA,94558,0,NAPA
CA-W-15803,"EMILIAN, LP",PAGE WINE CELLARS,520 CALIFORNIA BLVD,NAPA,CA,94559,3158,NAPA
CA-W-2401,"ELYSE WINERY, LLC",,2100 HOFFMAN LN,NAPA,CA,94558,9786,NAPA
CA-W-21022,"ELLMAN FAMILY VINEYARDS, LLC",,620 TRANCAS ST,NAPA,CA,94558,3083,NAPA
CA-W-2876,ELLIOTT-SMITH DEVELOPMENT COMPANY,ELAN VINEYARDS,4500 ATLAS PEAK RD,NAPA,CA,94558,9320,NAPA
CA-W-17249,"ELIXIR WINE CO, INC.",ELIXIR WINE CO.,5055 SOLANO AVE,NAPA,CA,94558,1326,NAPA
CA-W-21616,"ELEGANCE PROPERTIES, LLC",ELEVEN ELEVEN WINES,620 TRANCAS ST,NAPA,CA,94558,3083,NAPA
CA-W-16763,"ELDE VIN, LLC",DACALIER WINE CO.,918 ENTERPRISE WAY,NAPA,CA,94558,6230,NAPA
CA-W-15880,"EL MOLINO WINERY, LLC",EL MOLINO,3315 SAINT HELENA HWY,SAINT HELENA,CA,94574,9660,NAPA
CA-W-17583,"EHREN JORDAN WINE CELLARS, LLC",EHREN JORDAN WINE CELLARS,3358 SAINT HELENA HWY,SAINT HELENA,CA,94574,9660,NAPA
CA-W-17581,"EHREN JORDAN WINE CELLARS, LLC",EHREN JORDAN WINE CELLARS,3530 SILVERADO TRL,SAINT HELENA,CA,94574,9663,NAPA
CA-W-16659,EDWARDS FISCHL LLC,LINNAEA VINEYARDS,1473 YOUNTVILLE CROSS RD,YOUNTVILLE,CA,94599,9471,NAPA
CA-W-21519,EDWARD SNIDER AND PATRICIA BAILY,BEAU VIGNE,1170 TUBBS LN,CALISTOGA,CA,94515,0,Napa
CA-W-17154,EDWARD SNIDER AND PATRICIA BAILY,BEAU VIGNE,110 CAMINO ORUGA,NAPA,CA,94558,6214,NAPA
CA-W-21651,"ECLIPSE ASSETS, LLC",HINDSIGHT WINES,2383 MORA AVE,CALISTGOA,CA,94515,0,Napa
CA-W-3475,"EAGLE'S TRACE, LLC",EAGLE'S TRACE,680 ROSSI RD,SAINT HELENA,CA,94574,9646,NAPA
CA-W-15871,"E.T. VINEYARDS, LLC",EMILIO'S TERRACE,7850 SILVERADO TRL,OAKVILLE,CA,94562,0,NAPA
CA-W-3326,E. & J. GALLO WINERY,LOUIS M. MARTINI WINERY,254 SAINT HELENA HWY S,SAINT HELENA,CA,94574,2203,NAPA
CA-W-16156,E. & J. GALLO WINERY,WILLIAM HILL WINERY,1761 ATLAS PEAK RD,NAPA,CA,94558,1251,NAPA
CA-W-20529,"DYN, (FOR CA WINERY) LLC",,2880 FOOTHILL BLVD,CALISTOGA,CA,94515,1230,NAPA
CA-W-2782,DYER STRAITS WINE COMPANY LLC,DYER STRAITS WINE COMPANY,1510 DIAMOND MOUNTAIN RD,CALISTOGA,CA,94515,0,NAPA
CA-W-1159,"DUNN VINEYARDS, LLC",,805 WHITE COTTAGE RD N,ANGWIN,CA,94508,9616,NAPA
CA-W-16543,DUCKHORN WINE COMPANY,DUCKHORN VINEYARDS,1000 LODI LN,SAINT HELENA,CA,94574,9713,NAPA
CA-W-16544,DUCKHORN WINE COMPANY,PARADUXX,7257 SILVERADO TRAIL,NAPA,CA,94558,9430,NAPA
CA-W-21533,"DRIFTWOOD RACES, LLC",,1115 LOMA VISTA DRIVE,NAPA,CA,94558,0,NAPA
CA-W-21676,DREAM SIECKERS LLC,,994 WHITE COTTAGE RD N,ANGWIN,CA,94508,9660,Napa
CA-W-16271,DRASELLE HAHN MUSCATINE,MUSCATINE VINEYARD,2410 SODA CANYON RD,NAPA,CA,94558,9463,NAPA
CA-W-21382,DRAGON SPIRITZ VINEYARD,DRAGON SPIRITZ VINEYARD,3106 SILVERADO TRL,NAPA,CA,94558,0,NAPA
CA-W-21176,"DOVE HILL VNEYARDS, LLC",DOVE HILL VINEYARDS,3450 SAGE CANYON RD,ST. HELENA,CA,94574,0,NAPA
CA-W-2023,DON SEBASTIANI & SONS INTERNATIONAL WINE NEGOCIANTS,,520 AIRPARK RD,NAPA,CA,94558,7535,NAPA
CA-W-2373,DOMINUS ESTATE CORPORATION,,2570 NAPA NOOK RD,YOUNTVILLE,CA,94599,1455,NAPA
CA-W-685,"DOMAINE CHANDON, INC.",DOMAINE CHANDON,1 CALIFORNIA DR,YOUNTVILLE,CA,94599,1426,NAPA
CA-W-1607,"DOMAINE CARNEROS, LTD.",DOMAINE CARNEROS,1240 DUHIG RD,NAPA,CA,94559,9713,NAPA
CA-W-17435,"DOMAINE BEAU-SOLEIL, LLC",RARECAT WINES,105 ZINFANDEL LN,SAINT HELENA,CA,94574,0,NAPA
CA-W-2926,"DOLCE, LLC",DOLCE,1350 ACACIA DR,OAKVILLE,CA,94562,0,NAPA
CA-W-16790,DIVOT ENTERPRISES LLC,,7830-40 SAINT HELENA HWY,OAKVILLE,CA,94562,0,NAPA
CA-W-21264,"DIVERSIFIED BUSINESS GROUP, LLC",,200 LONG RANCH RD,ST. HELENA,CA,94574,9558,Napa
CA-W-17094,DINO DINA,CIMAROSSA VINEYARDS,5055 SOLANO AVE,NAPA,CA,94558,1326,NAPA
CA-W-20010,DIAMOND VINE LLC,PADIS VINEYARDS,1300 SUMMIT LAKE DR,ANGWIN,CA,94508,0,Napa
CA-W-3084,"DIAMOND TERRACE VINEYARDS, LLC",DIAMOND TERRACE,2075 SUMMIT LAKE DR,ANGWIN,CA,94508,0,NAPA
CA-W-2016,DIAMOND MOUNTAIN VINEYARD,,2121 DIAMOND MOUNTAIN RD,CALISTOGA,CA,94515,9636,NAPA
CA-W-1440,DIAGEO CHATEAU & ESTATE WINES COMPANY,ACACIA WINERY,2750 LAS AMIGAS RD,NAPA,CA,94558,9715,NAPA
CA-W-403,DIAGEO CHATEAU & ESTATE WINES COMPANY,BEAULIEU VINEYARD CELLARS,1960 ST HELENA HWY,RUTHERFORD,CA,94573,0,NAPA
CA-W-3298,DIAGEO CHATEAU & ESTATE WINES COMPANY,PROVENANCE VINEYARDS,1695 SAINT HELENA HWY,RUTHERFORD,CA,94573,0,NAPA
CA-W-1505,DIAGEO CHATEAU & ESTATE WINES COMPANY,STERLING VINEYARDS,1111 DUNAWEAL LN,CALISTOGA,CA,94515,0,NAPA
CA-W-15424,"DETERT FAMILY VINEYARDS, LLC",DETERT FAMILY,3524 SILVERADO TRL,SAINT HELENA,CA,94574,0,NAPA
CA-W-16624,"DESTINO WINE GROUP, LLC",DESTINO WINES,1075 BUCHLI STATION RD,NAPA,CA,94559,9716,NAPA
CA-W-21384,"DESANTE WINES, LLC",DESANTE WINES,3524 N SILVERADO TRL,ST. HELENA,CA,94574,0,Napa
CA-W-16300,DENDINORA LLC,KIND CELLARS,1200 ORCHARD AVE,NAPA,CA,94558,0,NAPA
CA-W-17236,DELICATO VINEYARDS,BLACK STALLION WINERY,4089 SILVERADO TRL,NAPA,CA,94558,1113,NAPA
CA-W-16842,"DELGADILLO WINE COMPANY, LLC",DELGADILLO WINE COMPANY,2812 SACRAMENTO ST,NAPA,CA,94558,4755,NAPA
CA-W-15929,DEL DOTTO VINEYARDS,DEL DOTTO WINERY & CAVES,1445 ST. HELENA HWY,SAINT HELENA,CA,94574,9775,NAPA
CA-W-3146,DEL DOTTO VINEYARDS,,1055 ATLAS PEAK RD,NAPA,CA,94558,1501,NAPA
CA-W-17295,DEJAN NIKITOVIC,ARETE WINES,110 CAMINO ORUGA,NAPA,CA,94559,1111,NAPA
CA-W-15806,DEAN THOMAS HART,RIGART GARAGE WINERY,89 DONALDSON WAY,AMERICAN CANYON,CA,94503,4230,NAPA
CA-W-17267,"DEAN & DELUCA MARKETS, LLC",,500 OAKVILLE XRD,OAKVILLE,CA,94562,0,NAPA
CA-W-21702,DAVIS FAMILY ESTATES LLC,DAVIS ESTATES,4060 SILVERADO TRL,CALISTOGA,CA,94515,9650,Napa
CA-W-17592,DAVIS FAMILY ESTATES LLC,DAVIS FAMILY ESTATES,5055 SOLANO AVE,NAPA,CA,94558,1326,NAPA
CA-W-1900,"DAVID, JEANETTE, AARON, AND ERIK BADER",PHOENIX WINERY,3175 DRY CREEK RD,NAPA,CA,94558,9722,NAPA
CA-W-21330,"DAVID JAMES, LLC",SINEGAL FAMILY ESTATE,2125 INGLEWOOD AVE,ST. HELENA,CA,94574,2233,Napa
CA-W-20309,DAVID HUNT,DEFINE WINES,2545 NAPA VALLEY CORPORATE DR,NAPA,CA,94558,0,Napa
CA-W-16601,DAVID G. WHITE AND LOIS M. TAKAHASHI,ROSALYND WINERY,901 ENTERPRISE WAY,NAPA,CA,94558,6209,NAPA
CA-W-17190,DAVID BECKER,ONE ACRE WINES,3541 TWIN OAKS DR,NAPA,CA,94558,5248,NAPA
CA-W-15101,DAVID ARTHUR VINEYARDS LLC,DAVID ARTHUR VINEYARDS,210 LONG RANCH RD,SAINT HELENA,CA,94574,0,NAPA
CA-W-16223,"DARRIN FAMILY VINEYARDS, LLC",DARRIN FAMILY VINEYARDS,2456 N 3RD AVE,NAPA,CA,94558,3838,NAPA
CA-W-3429,"DARMS LANE, LLC",DARMS LANE VINEYARD,5055 SOLANO AVE,NAPA,CA,94558,1326,NAPA
CA-W-2572,"DARIOUSH KHALEDI WINERY, LLC",,4240 SILVERADO TRL,NAPA,CA,94558,1117,NAPA
CA-W-3373,DANIEL RAY MANIES,CHATEAU MANZANITA WINERY,1758 INDUSTRIAL WAY,NAPA,CA,94558,3302,NAPA
CA-W-16840,"DANCING HARES VINEYARD, L.L.C.",DANCING HARES VINEYARD,230 N CRYSTAL SPRINGS RD,SAINT HELENA,CA,94574,9664,NAPA
CA-W-15699,"DANA ESTATES, INC.",,1895 CABERNET LN,SAINT HELENA,CA,94574,1605,NAPA
CA-W-16065,DA VE WINERY INC.,,2515 NAPA VALLEY CORPORATE DR,NAPA,CA,94558,7541,NAPA
CA-W-21189,D'ARTAGNAN WINES CORPORATION,Y ROUSSEAU WINES,902 ENTERPRISE WAY,NAPA,CA,94558,6288,Napa
CA-W-16404,"D.R. STEPHENS ESTATE WINES, LLC",D.R. STEPHENS ESTATE WINES,3524 SILVERADO TRL,SAINT HELENA,CA,94574,9663,NAPA
CA-W-15315,"D-CUBED CELLARS, INC.",D-CUBED CELLARS,1091 LARKMEAD LN,CALISTOGA,CA,94515,9618,NAPA
CA-W-21887,D & F VINEYARDS LLC,,401 S ST HELENA HWY,ST HELENA,CA,94574,0,NAPA
CA-W-853,"CUVAISON, INC.",CUVAISON WINERY,4550 SILVERADO TRL,CALISTOGA,CA,94515,9647,NAPA
CA-W-15071,"CUVAISON, INC.",CUVAISON WINERY,1221 DUHIG RD,NAPA,CA,94559,9713,NAPA
CA-W-17603,"CUNAT PREMIUM VINEYARDS, LLC",CUNAT FAMILY VINEYARDS,4326 BIG RANCH RD,NAPA,CA,94558,0,NAPA
CA-W-17523,CULTIVATE WINES LLC,CULTIVATE WINES,105 ZINFANDEL LN,SAINT HELENA,CA,94574,1631,NAPA
CA-W-17189,"CULLPEPPER VINEYARDS, INC.",CULLPEPPER VINEYARDS,45 ENTERPRISE CT,NAPA,CA,94558,0,NAPA
CA-W-21752,"CS2 WINES, LLC",,5055 SOLANO AVE,NAPA,CA,94558,1326,Napa
CA-W-3252,CROCKER AND STARR WINE COMPANY LLC,CROCKER AND STARR WINERY,"7830-40 ST. HELENA HWY, SUITE 24",OAKVILLE,CA,94562,0,NAPA
CA-W-21862,CRISTIE KERR WINES LLC,,1221 DUHIG RD,NAPA,CA,94559,0,Napa
CA-W-15418,"CREATIVE WINE CONCEPTS, INC.",SCOTT HARVEY WINES,105A ZINFANDEL LN,SAINT HELENA,CA,94574,1631,NAPA
CA-W-15728,CRANE WINE COMPANY LLC,CRANE WINE COMPANY,4038 BIG RANCH RD,NAPA,CA,94558,1405,NAPA
CA-W-2608,CRANE FAMILY VINEYARDS,,1051 BORRETTE LN,NAPA,CA,94558,9702,NAPA
CA-W-16613,CRAIG & SUSAN HANDLY,TERROIR NAPA VALLEY WINES,105 ZINFANDEL LN,SAINT HELENA,CA,94574,1631,NAPA
CA-W-17564,COUP DE FOUDRE LLC,COUP DE FOUDRE,3450 SAGE CANYON RD,SAINT HELENA,CA,94574,0,NAPA
CA-W-16134,CORNERSTONE CELLARS,CORNERSTONE CELLARS,5055 SOLANO AVE,NAPA,CA,94558,1326,NAPA
CA-W-16973,"CORNELL FARMS, LLC",CORNELL FARMS,335 WEST LN,ANGWIN,CA,94508,0,NAPA
CA-W-2672,"CORISON WINERY, INC.",,987 ST HELENA HWY S,SAINT HELENA,CA,94574,2267,NAPA
CA-W-21449,COPPER CANE LLC,COPPER CANE,105 ZINFANDEL LN,SAINT HELENA,CA,94574,0,NAPA
CA-W-774,"COOK'S FLAT ASSOCIATES, LP STUART SMITH, GP",SMITH-MADRONE VINEYARDS,4022 SPRING MOUNTAIN RD,SAINT HELENA,CA,94574,9773,NAPA
CA-W-17663,CONTRAIL VINTNERS LLC,,110 CAMINO ORUGA,NAPA,CA,94558,0,NAPA
CA-W-17501,"CONSTELLATION BRANDS U.S. OPERATIONS, INC.",ROBERT MONDAVI WINERY,901 KAISER RD,NAPA,CA,94558,0,NAPA
CA-W-17502,"CONSTELLATION BRANDS U.S. OPERATIONS, INC.",ROBERT MONDAVI WINERY,7801 ST. HELENA HIGHWAY,OAKVILLE,CA,94562,0,NAPA
CA-W-17050,CONFIDENTIAL VINTNERS LLC,,6200 WASHINGTON ST,YOUNTVILLE,CA,94599,0,NAPA
CA-W-17026,"COME TOGETHER, LLC",FEL WINES,1473 YOUNTVILLE CROSS RD,YOUNTVILLE,CA,94599,9471,NAPA
CA-W-3183,COLGIN PARTNERS LLC,,220 LONG RANCH RD,SAINT HELENA,CA,94574,9714,NAPA
CA-W-16951,COLEMAN NICOLE WINES LLC,COLEMAN NICOLE WINES,5225 SOLANO AVE,NAPA,CA,94558,1019,NAPA
CA-W-16994,"COHO WINES, LLC",COHO,910 ENTERPRISE WAY,NAPA,CA,94558,6209,NAPA
CA-W-1786,"CODORNIU NAPA, INC.",ARTESA WINERY,1345 HENRY RD,NAPA,CA,94559,9705,NAPA
CA-W-15896,COCKERELL WINE CONSULTING LLC,COQUEREL FAMILY WINE ESTATES,1721 PARTRICK RD,NAPA,CA,94558,0,NAPA
CA-W-778,"CLOS DU VAL WINE COMPANY, LTD.",CLOS DU VAL WINE COMPANY,5330 SILVERADO TRL,NAPA,CA,94558,9410,NAPA
CA-W-15569,"CLIF BAR FAMILY WINERY AND FARM, LLC",CLIF FAMILY WINERY,105 ZINFANDEL LN,SAINT HELENA,CA,94574,1631,NAPA
CA-W-15378,"CLARK-CLAUDON VINEYARDS, LLC",CLARK-CLAUDON,1155 MEE LN,RUTHERFORD,CA,94573,0,NAPA
CA-W-17662,CLARA STREET COMPANY,CAMERON HUGHES WINE,5055 SOLANO AVE,NAPA,CA,94558,1326,NAPA
CA-W-17340,"CIELO MALIBU ESTATE VINEYARDS, LLC",CIELO MALIBU ESTATE VINEYARDS,5225 SOLANO AVE,NAPA,CA,94558,1019,NAPA
CA-W-21689,"CHRISTOPHER TYNAN WINES, LLC",CHRISTOPHER TYNAN WINES,1473 YOUNTVILLE CROSS RD,YOUNTVILLE,CA,94599,9471,Napa
CA-W-2837,"CHIMNEY ROCK WINERY, LLC",CHIMNEY ROCK WINERY,5350 SILVERADO TRL,NAPA,CA,94558,9410,NAPA
CA-W-2937,"CHIARELLO FAMILY VINEYARDS, LLC",CHIARELLO FAMILY VINEYARDS,2075 SUMMIT LAKE DR,ANGWIN,CA,94508,0,NAPA
CA-W-15661,"CHECKERBOARD VINEYARDS, LLC",CHECKERBOARD VINEYARDS,4331 AZALEA SPRINGS WAY,CALISTOGA,CA,94515,9630,NAPA
CA-W-21166,"CHATEAU POTELLE HOLDINGS, LLC",CHATEAU POTELLE,1721 PARTRICK RD,NAPA,CA,94558,0,NAPA
CA-W-1897,CHARLES LELAND JOHNSTON III,HELENA VIEW JOHNSTON VINEYARDS WINERY,3500 STATE HIGHWAY 128,CALISTOGA,CA,94515,9715,NAPA
CA-W-997,CHAPPELLET WINERY INC,,1581 SAGE CANYON RD,SAINT HELENA,CA,94574,0,NAPA
CA-W-21816,"CHANDELLE OF SONOMA, INC.",,45 ENTERPRISE CT,NAPA,CA,94558,0,Napa
CA-W-21767,CENTURION FAMILY VINEYARD LLC,CENTURION FAMILY VINEYARD,110 CAMINO ORUGA,NAPA,CA,94558,0,Napa
CA-W-21886,"CELLAR D, LLC",CELLAR D,105 ZINFANDEL LN,ST. HELENA,CA,94574,0,Napa
CA-W-16136,"CELIA WELCH WINES, LLC",CORRA WINES,26 VINEYARD VIEW DR,NAPA,CA,94558,0,NAPA
CA-W-15348,"CEDERQUIST WINE COMPANY, LLC",CEDERQUIST WINE COMPANY,5136 SHARP RD,CALISTOGA,CA,94515,0,NAPA
CA-W-17247,"CEDAR KNOLL VINEYARDS, INC.",CEDAR KNOLL VINEYARDS,4029 HAGEN RD,NAPA,CA,94558,3818,NAPA
CA-W-15379,"CE2V WINERY, LLC",CE2V,1784 POPE CANYON RD,SAINT HELENA,CA,94574,9634,NAPA
CA-W-2858,CAYMUS VINEYARDS,CAYMUS VINEYARDS,3367 ATLAS PEAK RD,NAPA,CA,94558,9667,NAPA
CA-W-465,CAYMUS VINEYARDS,,8700 CONN CREEK RD,RUTHERFORD,CA,94573,0,NAPA
CA-W-21485,"CASTRUCCI WINES, LLC",CASTRUCCI WINES,110 CAMINO ORUGA,NAPA,CA,94558,0,Napa
CA-W-16495,CASPAR WINE LLC,,3524 SILVERADO TRL N,SAINT HELENA,CA,94574,9663,NAPA
CA-W-16461,CASEY FLAT ESTATES LLC,CASEY FLAT ESTATES,4550 SILVERADO TRL,CALISTOGA,CA,94515,9647,NAPA
CA-W-15244,"CASA NUESTRA, LLC",CASA NUESTRA,3473 SILVERADO TER,SAINT HELENA,CA,94574,9662,NAPA
CA-W-16827,CARRIKER WINE CO. LLC,KOBALT WINES,910 ENTERPRISES WAY,NAPA,CA,94558,6209,NAPA
CA-W-17056,"CARNEROS WINE COMPANY, INC.",CARNEROS WINE COMPANY,1075 BUCHLI STATION RD,NAPA,CA,94559,9716,NAPA
CA-W-16870,CAPTURE WINES LLC,,335 WEST LN,ANGWIN,CA,94508,9606,NAPA
CA-W-16660,"CANARD VINEYARDS, LLC",CANARD VINEYARDS,2545 NAPA VALLEY CORPORATE DR,NAPA,CA,94558,0,NAPA
CA-W-21469,CALLA LILY ESTATE & WINERY LLC,,6307 POPE VALLEY RD,POPE VALLEY,CA,94567,9408,Napa
CA-W-3012,"CALDWELL WINERY, LLC",,270 KREUZER LN,NAPA,CA,94559,3623,NAPA
CA-W-946,CAKEBREAD CELLARS,,8300 ST. HELENA HWY,RUTHERFORD,CA,94573,0,NAPA
CA-W-17544,"CAIRDEAN VINEYARDS, LLC",CAIRDEAN VINEYARDS,3125 ST. HELENA HWY N,SAINT HELENA,CA,94574,0,NAPA
CA-W-1862,"CAIN CELLARS, INC.",CAIN CELLARS,3800 LANGTRY RD,SAINT HELENA,CA,94574,9772,NAPA
CA-W-15975,"CAFARO CELLARS, INC.",CAFARO CELLARS,7850 SILVERADO TRL,NAPA,CA,94558,9432,NAPA
CA-W-21173,"CABAUD WINES, LLC",,"425 GATEWAY RD, W",NAPA,CA,94558,0,Napa
CA-W-15327,"CAB4TEN, LLC",PARALLEL WINES,270 KREUZER LN,NAPA,CA,94559,3623,NAPA
CA-W-21540,"CA' MOMI WINERY, LLC",,2125 CUTTINGS WHARF RD,NAPA,CA,94559,9732,Napa
CA-W-790,C. MONDAVI & FAMILY,CHARLES KRUG WINERY,2800 MAIN ST,SAINT HELENA,CA,94574,9502,NAPA
CA-W-15093,"C. BECK, LLC",C. BECK WINERY,2424 JANIS WAY,CALISTOGA,CA,94515,1211,NAPA
CA-W-21852,"BUSELLI FAMILY WINES, LLC",BUSELLI FAMILY WINES,620 TRANCAS ST,NAPA,CA,94558,0,Napa
CA-W-2614,"BURGESS CELLARS, INC.",,5445 SOLANO AVE,NAPA,CA,94558,0,NAPA
CA-W-478,"BURGESS CELLARS, INC.",,1108 DEER PARK RD,SAINT HELENA,CA,94574,0,NAPA
CA-W-20352,"BURE FAMILY WINES, INC.",,"425 GATEWAY RD, W",NAPA,CA,94558,0,NAPA
CA-W-3423,"BUONCRISTIANI WINE CO., LLC",BUONCRISTIANI WINE CO.,3346 KENSINGTON CIR,NAPA,CA,94558,4215,NAPA
CA-W-17657,"BUON VINO, INC.",BUON VINO,5055 SOLANO AVE,NAPA,CA,94558,1326,NAPA
CA-W-799,"BUEHLER VINEYARDS, INC.",BUEHLER VINEYARDS,820 GREENFIELD RD,SAINT HELENA,CA,94574,9529,NAPA
CA-W-20362,"BRYTER ESTATES, LLC",BRYTER ESTATES,5055 SOLANO AVE,NAPA,CA,94558,0,Napa
CA-W-16382,"BRYSON ESTATE VINEYARD, LLC",BRYSON ESTATE VINEYARD,3311 DAVID DR,NAPA,CA,94558,5331,NAPA
CA-W-3284,"BRYANT VINEYARDS, LTD.",BRYANT FAMILY VINEYARD,1567 SAGE CANYON RD,SAINT HELENA,CA,94574,9628,NAPA
CA-W-16845,"BRYAN HENRY, RICHARD HENRY & MICHAEL TRUJILLO",KARL LAWRENCE CELLARS,3718 N. SAINT HELENA HWY,CALISTOGA,CA,94515,9651,NAPA
CA-W-3198,"BROWN ESTATE VINEYARDS, LLC",BROWN ESTATE VINEYARDS,3233 SAGE CANYON RD,SAINT HELENA,CA,94574,9642,NAPA
CA-W-16414,BROVELLI-BETTINI LLC,BROVELLI-BETTINI WINERY,3211 TWIN OAKS DR,NAPA,CA,94558,5349,NAPA
CA-W-16516,BROOKS AND DOHERTY LLC,,1715 N OAK ST,CALISTOGA,CA,94515,1118,NAPA
CA-W-2356,"BROMAN & ASSOCIATES, INC.",BROMAN CELLARS,105 ZINFANDEL LN,SAINT HELENA,CA,94574,0,NAPA
CA-W-21869,"BRIAN ARDEN WINES HOLDINGS, INC.",BRIAN ARDEN WINES,331 SILVERADO TRL,CALISTOGA,CA,94515,0,NAPA
CA-W-15492,"BRESSLER VINEYARDS, LLC",BRESSLER VINEYARDS,5055 SOLANO AVE,NAPA,CA,94558,1326,NAPA
CA-W-17522,BRAND NAPA VALLEY LLC,,90 LONG RANCH ROAD,SAINT HELENA,CA,94574,9558,NAPA
CA-W-21450,"BRAMBILA DEXTER VINTNERS, LLC",AVINDOS WINES,902 ENTERPRISE WAY,NAPA,CA,94558,0,Napa
CA-W-16424,"BRAGG VINEYARDS, LLC",BRAGG VINEYARDS,2020 CEDAR ST,CALISTOGA,CA,94515,1557,NAPA
CA-W-15715,"BOYD FAMILY VINEYARDS, LLC",BOYD FAMILY VINEYARDS,4326 BIG RANCH RD,NAPA,CA,94558,1347,NAPA
CA-W-16857,BOYANCI LLC,,1221 DUHIG RD,NAPA,CA,94559,0,NAPA
CA-W-3545,"BOURASSA WINE GROUP, LLC",BOURASSA VINEYARDS,190 CAMINO ORUGA,NAPA,CA,94558,0,NAPA
CA-W-21029,BOUGETZ CELLARS LLC,,620 TRANCAS ST,NAPA,CA,94558,0,NAPA
CA-W-1598,"BOUCHAINE VINEYARDS, INC.",BOUCHAINE VINEYARDS,1075 BUCHLI STATION RD,NAPA,CA,94559,9716,NAPA
CA-W-17014,"BONANNO VINTNERS, L.L.C.",BONANNO VINTNERS,850 RUTHERFORD RD,RUTHERFORD,CA,94573,0,NAPA
CA-W-17441,BOLENOLOGY LLC,BOLEN FAMILY ESTATES,2253 DRY CREEK RD,NAPA,CA,94558,9723,NAPA
CA-W-15663,"BOESCHEN VINEYARDS, LLC",BOESCHEN VINEYARDS,3242 SILVERADO TRL N,SAINT HELENA,CA,94574,9661,NAPA
CA-W-2068,BOB L. PESTONI AND MARVIN H. PESTONI,RUTHERFORD GROVE,1673 ST HELENA HWY S,RUTHERFORD,CA,94573,0,NAPA
CA-W-17594,"BNA WINE GROUP, LLC",BNA WINE GROUP,707 TECHNOLOGY WAY,NAPA,CA,94558,0,NAPA
CA-W-21232,BLUE HAND LLC,BLUE HAND,"3524 SILVERADO TRL, N",ST. HELENA,CA,94574,0,Napa
CA-W-16653,"BLUE HALL, LLC",BLUE HALL VINEYARD,994 WHITE COTTAGE RD N,ANGWIN,CA,94508,9660,NAPA
CA-W-15445,"BLOM ENTERPRISES, LLC",NAPA BARREL CARE,1075 GOLDEN GATE DR,NAPA,CA,94558,6187,NAPA
CA-W-15439,"BLANKIET ESTATE, LLC",BLANKIET ESTATE,2358 CALIFORNIA DR,YOUNTVILLE,CA,94599,1458,NAPA
CA-W-15069,"BLACKTHORN ENTERPRISES, INC.",STOVER OAKS VINEYARD & WINERY,401 SAINT HELENA HWY S,SAINT HELENA,CA,94574,2200,NAPA
CA-W-17405,"BLACKBIRD VINEYARDS, LLC",BLACKBIRD VINEYARDS,7830-40 SAINT HELENA HWY,OAKVILLE,CA,94562,0,NAPA
CA-W-15990,"BLACK COYOTE CHATEAU, LLC",BLACK COYOTE,110 CAMINO ORUGA,NAPA,CA,94558,6214,NAPA
CA-W-15591,"BIN TO BOTTLE, LLC",BIN TO BOTTLE,110 CAMINO ORUGA,NAPA,CA,94558,6214,NAPA
CA-W-21535,BIGRANCH PROPERTIES LLC,JUNGLE LOVE VINEYARD,105 ZINFANDEL LN,ST HELENA,CA,94574,0,Napa
CA-W-2716,"BIGHORN CELLARS, LLC",,459 WALNUT ST,NAPA,CA,94559,3101,NAPA
CA-W-21284,"BIDWELL CREEK VINEYARD, LLC",BIDWELL CREEK VINEYARD,270 KREUZER LN,NAPA,CA,94559,0,Napa
CA-W-21054,"BEVAN CELLARS, LLC",BEVAN CELLARS,3468 SILVERADO TRL N,ST. HELENA,CA,94574,9662,Napa
CA-W-2138,BETTER BRANDS INTERNATIONAL,MICHAEL POZZAN WINERY,"7830-40 ST. HELENA HIGHWAY, SUITE 22",OAKVILLE,CA,95462,0,NAPA
CA-W-3463,BENNETT LANE WINERY LLC,BENNETT LANE WINERY,3340 HIGHWAY 128,CALISTOGA,CA,94515,9727,NAPA
CA-W-2100,"BENESSERE VINEYARDS, LTD.",BENESSERE VINEYARDS,1010 BIG TREE RD,SAINT HELENA,CA,94574,9711,NAPA
CA-W-17373,BELLO FAMILY VINEYARD LLC,BELLO FAMILY VINEYARD,105 ZINFANDEL LN,SAINT HELENA,CA,94574,1631,NAPA
CA-W-17068,"BAZAN CELLARS, LLC",MARIO BAZAN CELLARS,3524 SILVERADO TRL,SAINT HELENA,CA,94574,0,NAPA
CA-W-16150,BARTALOTTI WINE COMPANY,BARTALOTTI WINE COMPANY,901 ENTERPRISE WAY,NAPA,CA,94558,6209,NAPA
CA-W-3313,"BART ENTERPRISES, INC.",,6015 STEELE CANYON RD,NAPA,CA,94558,0,NAPA
CA-W-2787,"BARREL TEN QUARTER CIRCLE, INC.",,33 HARLOW CT,NAPA,CA,94558,7520,NAPA
CA-W-21048,"BARNETT VINEYARDS, L.P.",BARNETT VINEYARDS,4070 SPRING MOUNTAIN RD,ST. HELENA,CA,94574,0,Napa
CA-W-16603,"BARLOW VINEYARDS, LLC",BARLOW VINEYARDS,1170 TUBBS LN,CALISTOGA,CA,94515,0,NAPA
CA-W-2278,"BALLENTINE VINEYARDS, INC.",,2820 SAINT HELENA HWY N,SAINT HELENA,CA,94574,9655,NAPA
CA-W-21741,BALL WINES LLC,BRICK ANGEL,902 ENTERPRISE WAY,NAPA,CA,94558,0,Napa
CA-W-2634,"BACIO DIVINO CELLARS, LLC",,1160 OAK KNOLL AVE,NAPA,CA,94558,1303,NAPA
CA-W-21758,"B WISE VINEYARDS, LLC",,270 KREUZER LN,NAPA,CA,94559,0,Napa
CA-W-21301,"AXIOS, INC",AXIOS WINES,105 ZINFANDEL LN,ST. HELENA,CA,94574,1631,NAPA
CA-W-2236,"AWG, LTD.",ANDRETTI WINERY,4162 BIG RANCH RD,NAPA,CA,94558,1405,NAPA
CA-W-17301,AVER FAMILY VINEYARDS LLC,,5055 SOLANO AVE,NAPA,CA,94558,0,NAPA
CA-W-16938,"AVENUE WINE COMPANY, LLC",AVENUE WINE COMPANY,3304 SCENIC DR,NAPA,CA,94558,4218,NAPA
CA-W-3314,"AVATAR VINTNERS, INC.",,1006 MONTICELLO RD,NAPA,CA,94558,0,NAPA
CA-W-3391,AUTUMN MOON WINE CELLARS LLC,AUTUMN MOON CELLARS,3310 SCENIC DR,NAPA,CA,94558,4218,NAPA
CA-W-20333,AUSA PACIFIC LLC,,264 CRYSTAL SPRINGS RD,ST. HELENA,CA,94574,9664,NAPA
CA-W-2967,AUBERT WINEGROWING INCORPORATED,AUBERT WINES,333 SILVERADO TRL,CALISTOGA,CA,94515,1801,NAPA
CA-W-17628,AU SOMMET LLC,AU SOMMET WINERY,2920 SPRING MOUNTAIN RD,SAINT HELENA,CA,94574,1704,NAPA
CA-W-21447,"ATLAS WINE COMPANY, LLC",ATLAS WINE COMPANY,8210 ST HELENA HWY,RUTHERFORD,CA,94562,0,Napa
CA-W-16072,ATHAIR WINES INC.,ATHAIR WINES,1443 SILVERADO TRL,SAINT HELENA,CA,94574,0,NAPA
CA-W-21580,"AS VINEYARDS, LLC",SODHANI WINERY,2075 SUMMIT LAKE DR,ANGWIN,CA,94508,9778,Napa
CA-W-17580,ARTO AND CHERYL TOIVOLA,TOIVOLA VINEYARDS,4266 E 3RD AVE,NAPA,CA,94558,4044,NAPA
CA-W-21344,"ARTISAN WINES OF CALIFORNIA, LLC",ARTISAN WINES OF CALIFORNIA,1391 TUCKER RD,CALISTOGA,CA,94515,0,NAPA
CA-W-21411,"ARROYO WINERY, LLC",,2280 GREENWOOD AVE,CALISTOGA,CA,94515,1030,NAPA
CA-W-17529,"ARNS FAMILY VINEYARDS, LLC",TOURNESOL,4047 E THIRD AVE,NAPA,CA,94558,4011,NAPA
CA-W-20305,"ARMANINO FAMILY CELLARS, LLC",,1155 MEE LN,RUTHERFORD,CA,94573,0,Napa
CA-W-16476,"ARKENSTONE VINEYARDS, LLC",ARKENSTONE VINEYARDS,335 WEST LN,ANGWIN,CA,94508,9606,NAPA
CA-W-15471,"ARIETTA, INC.",ARIETTA,3468 SILVERADO TRL,SAINT HELENA,CA,94574,9662,NAPA
CA-W-2812,"ARDENTE ESPRESSIONE, INC.",,2929 ATLAS PEAK RD,NAPA,CA,94558,9316,NAPA
CA-W-21224,"ARCUDI WINES, LLC",ARCUDI WINES,2920 SPRING MOUNTAIN RD,ST. HELENA,CA,94574,1704,NAPA
CA-W-2814,"ARCHANGEL INVESTMENTS, LLC",BALDACCI WINERY,6236 SILVERADO TRL,NAPA,CA,94558,9414,NAPA
CA-W-2607,"ARCANA, LLC",,7830-40 ST. HELENA HWY,OAKVILLE,CA,94562,0,NAPA
CA-W-21590,"APPELLATIONS, LP MARCON INVESTMENTS MANAGEMENT, LLC, GP",,40 RAPP LN,NAPA,CA,94558,3853,Napa
CA-W-21659,APPELLATION TRADING COMPANY LLC,APPELLATION TRADING COMPANY,55 ENTERPRISE CT,NAPA,CA,94558,0,Napa
CA-W-17742,"APOSTROPHE CELLARS, LLC",APOSTROPHE CELLARS,264 CRYSTAL SPRINGS RD,SAINT HELENA,CA,94574,0,NAPA
CA-W-20276,ANU WINES LLC,,830 LATOUR CT,NAPA,CA,94559,6250,NAPA
CA-W-16621,ANTINORI CALIFORNIA,,3700 SODA CANYON RD,NAPA,CA,94558,9447,NAPA
CA-W-1719,ANTHONY M. TRUCHARD,TRUCHARD VINEYARDS,3234 OLD SONOMA RD,NAPA,CA,94559,9701,NAPA
CA-W-16904,"ANTHEM WINERY AND VINEYARDS, LLC",,5055 SOLANO AVE,NAPA,CA,94558,6379,NAPA
CA-W-15934,"ANSELMO SIMI VIGNE, LLC",ANSELMO VIGNE,1285 DEALY LN,NAPA,CA,94559,0,NAPA
CA-W-2944,"ANOMALY VINEYARDS, LLC",ANOMALY,455 BELLA VISTA CT,SAINT HELENA,CA,94574,2401,NAPA
CA-W-15904,"ANIMO, L.P., DINA AND MICHAEL MONDAVI JR., L.P.'S, R. MICHAEL MONDAVI & ISABEL A. MONDAVI, GP'S",I'M WINES,1907 N KELLY RD,NAPA,CA,94558,0,NAPA
CA-W-16468,"ANGEL'S SHARE WINE COMPANY, LLC",PEDEMONTE CELLARS,1620 S WHITEHALL LN,SAINT HELENA,CA,94574,9796,NAPA
CA-W-16247,"ANGEL'S SHARE INTERNATIONAL, INC.",THE BLACK BOTTLE,270 KREUZER LN,NAPA,CA,94559,3623,NAPA
CA-W-3000,ANDREW MICHAEL ELLICOCK,ELLICOCK FAMILY WINERY,136 KIRKLAND RANCH RD,NAPA,CA,94558,0,NAPA
CA-W-2186,"ANDERSON'S CONN VALLEY WINERY, INC.",,680 ROSSI RD,SAINT HELENA,CA,94574,9646,NAPA
CA-W-16305,"ANDERS-LANE ARTISAN WINES, L.P.",ANDERS-LANE ARTISANS WINES,1075 BUCHLI STATION RD,NAPA,CA,94559,0,NAPA
CA-W-15940,"ANCIEN WINES, INC.",ANCIEN,4047 E THIRD AVE,NAPA,CA,94558,4011,NAPA
CA-W-20147,ANANTAAH WINE INCORPORATED,ANANTAAH,5225 SOLANO AVE,NAPA,CA,94558,0,Napa
CA-W-15265,ANA MARIA BECKER & GILBERT SCOTT BECKER,BOODEAUX VINEYARDS,1111 BERRY ST,CALISTOGA,CA,94515,9642,NAPA
CA-W-15301,AMUSE BOUCHE LLC,AMUSE BOUCHE,2920 SPRING MOUNTAIN RD,SAINT HELENA,CA,94574,0,NAPA
CA-W-3332,AMIZETTA VINEYARDS WINERY LLC,AMIZETTA VINEYARDS WINERY,1099 GREENFIELD RD,SAINT HELENA,CA,94574,9625,NAPA
CA-W-16972,"AMICUS CELLARS, LLC",X WINERY,1075 GOLDEN GATE DR,NAPA,CA,94558,0,NAPA
CA-W-20393,"AMICI CELLARS, INC.",AMICI,3130 OLD LAWLEY TOLL RD,CALISTOGA,CA,94515,9728,NAPA
CA-W-16517,"AMETHYST, LLC",,1075 BUCHLI STATION RD,NAPA,CA,94559,9716,NAPA
CA-W-21842,ALYRIS VINEYARDS LIMITED,ALYRIS VINEYARDS,2840 MONTICELLO RD,NAPA,CA,94558,0,Napa
CA-W-2520,"ALTAMURA WINERY, INC.",ALTAMURA WINERY,1700 WOODEN VALLEY RD,NAPA,CA,94558,9617,NAPA
CA-W-20237,ALTA WINES LLC,ALTA,1075 GOLDEN GATE DR,NAPA,CA,94558,6187,Napa
CA-W-15584,"ALPHA & OMEGA WINERY, LLC",ALPHA & OMEGA WINERY,1155 MEE LN,RUTHERFORD,CA,94574,0,NAPA
CA-W-21534,ALLAN CHRISTENSEN & KRISTIN METSON,AMAZON RANCH WINERY,3738 LINDA VISTA AVE,NAPA,CA,94558,2706,Napa
CA-W-21841,"ALKO RANCH, LLC",ALKO RANCH,1784 POPE CANYON RD,SAINT HELENA,CA,94574,9634,Napa
CA-W-16293,ALBERTO AYALA RODRIGUEZ & MARIA CRISTINA RODRIGUEZ,A & D WINES,39 EDGEFIELD CT,NAPA,CA,94558,7211,NAPA
CA-W-16640,ALANTE VINEYARD LLC,ALANTE VINEYARD,5055 SOLANO AVE,NAPA,CA,94558,1326,NAPA
CA-W-2908,"AL DI LA VINEYARDS, INC. & ARGER CELLARS, INC",VILLA HELENA VINEYARDS,1455 INGLEWOOD AVE,SAINT HELENA,CA,94574,2219,NAPA
CA-W-20382,AHA PARTNERS LLC,MEMENTO MORI,335 WEST LN,ANGWIN,CA,94508,9606,Napa
CA-W-16515,AGU ENTERPRISES LLC,,3807 MONTICELLO RD,NAPA,CA,94558,9306,NAPA
CA-W-17002,AGAJANIAN WINERY,AGAJANIAN VINEYARDS,105 ZINFANDEL LN,SAINT HELENA,CA,94574,0,NAPA
CA-W-15608,"ADASTRA WINES, INC.",ADASTRA WINES,7830-40 ST. HELENA HWY,OAKVILLE,CA,94562,0,NAPA
CA-W-16564,"ADAMVS, LLC",ADAMVS,555 COLLEGE AVE,ANGWIN,CA,94508,9728,NAPA
CA-W-15351,"ACKERMAN FAMILY VINEYARDS, LLC",ACKERMAN FAMILY,716 LIPARITA RD,ANGWIN,CA,94508,0,NAPA
CA-W-2835,"ABREU VINEYARDS, INC.",ABREU VINEYARD,1451-C YOUNTVILLE CROSSROAD,YOUNTVILLE,CA,94599,0,NAPA
CA-W-15891,"ABERNATHY-HOFFMAN, LLC",,1907 N KELLY RD,NAPA,CA,94558,0,NAPA
CA-W-17155,A. FAUSTINI WINES LLC,A. FAUSTINI WINES,270 KREUZER LN,NAPA,CA,94559,3623,NAPA
CA-W-21016,"9 DRAGON CELLARS, LLC",,105 ZINFANDEL LN,SAINT HELENA,CA,94574,1631,Napa
CA-W-21381,"8687 FAMILY WINE COMPANY, LLC",SIBLING RIVALRY,1201 DARMS LN,NAPA,CA,94558,0,NAPA
CA-W-15727,"7 & 8, LLC",VINEYARD 7 & 8,4028 SPRING MOUNTAIN RD,SAINT HELENA,CA,94574,9773,NAPA
CA-W-21698,"3730 SILVERADO TRAIL, LLC",MENDING WALL,3730 SILVERADO TRAIL,ST. HELENA,CA,94574,0,Napa
CA-W-15388,"26 BRIX, LLC",B CELLARS,701 OAKVILLE CROSS RD,NAPA,CA,94558,0,NAPA
CA-W-15295,"13 APPELLATIONS, LLC",,3266 SILVERADO TRL,NAPA,CA,94558,1424,NAPA
CA-W-16607,"1-800-WINESHOP.COM, INC.",1-800-WINESHOP,2545 NAPA VALLEY CORPORATE DR,NAPA,CA,94558,0,NAPA
CA-W-15480,"1-800-WINESHOP.COM, INC.",1-800-WINESHOP,525 AIRPARK RD,NAPA,CA,94558,7514,NAPA
TOTAL PERMITS: 971,,,,,,,,